GEOID,NAME,Population,Median_Income,Education_Bach_Plus_Pct,Poverty_Rate_Pct,Unemployment_Rate_Pct
01001,"Autauga County, Alabama",58239.0,62660.0,28.131468672691472,13.578473784391765,2.7295825771324864
01003,"Baldwin County, Alabama",227131.0,64346.0,32.45028615173759,9.204904992581735,3.668494484399254
01005,"Barbour County, Alabama",25259.0,36422.0,11.153098082800778,26.47191011235955,8.624186145799978
01007,"Bibb County, Alabama",22412.0,54277.0,11.913807062340412,16.942857142857143,9.706818930493027
01009,"Blount County, Alabama",58884.0,52830.0,14.903609717714172,13.236630488829451,6.013001083423618
01011,"Bullock County, Alabama",10386.0,29063.0,11.691144394358005,30.934598304400485,2.997967479674797
01013,"Butler County, Alabama",19181.0,45236.0,14.039151225343694,18.177000529941704,6.5432098765432105
01015,"Calhoun County, Alabama",116425.0,50977.0,19.528300711411237,17.53843981146398,6.965586016143903
01017,"Chambers County, Alabama",34834.0,47232.0,13.653939101014984,15.07132459970888,3.1535477412088597
01019,"Cherokee County, Alabama",24975.0,43475.0,12.822738121067475,14.97337073626865,4.699815121144303
01021,"Chilton County, Alabama",44857.0,56243.0,13.535730660902601,15.723981900452488,6.397163871104292
01023,"Choctaw County, Alabama",12792.0,38581.0,11.712099989225297,21.566293739585813,6.053119209388512
01025,"Clarke County, Alabama",23346.0,44108.0,13.885303337635996,21.90612901822611,12.217194570135746
01027,"Clay County, Alabama",14184.0,45163.0,13.381482596047748,16.92627952049386,6.09714088873579
01029,"Cleburne County, Alabama",15046.0,48333.0,16.384127284780757,14.179204728640515,4.471679364027824
01031,"Coffee County, Alabama",53043.0,59034.0,22.680640433592345,15.940366972477063,4.775257731958763
01033,"Colbert County, Alabama",56789.0,52017.0,17.858380787323593,15.132058692752334,3.7554719299592962
01035,"Conecuh County, Alabama",11778.0,37986.0,12.452394691286786,12.968643490115884,4.671361502347418
01037,"Coosa County, Alabama",10442.0,50013.0,11.206368646662584,11.147540983606557,3.3186354142492456
01039,"Covington County, Alabama",37490.0,46186.0,15.805609174520269,18.03933286249796,7.031441906165561
01041,"Crenshaw County, Alabama",13300.0,43103.0,16.420644327119923,13.101071975497703,4.676778620440592
01043,"Cullman County, Alabama",87129.0,52690.0,16.477056948962236,12.218608433035195,4.397729244651578
01045,"Dale County, Alabama",49443.0,50052.0,18.68118788311611,16.710520820281502,7.171791566930584
01047,"Dallas County, Alabama",39162.0,34957.0,16.113834112238308,24.305195478585503,8.51694130716534
01049,"DeKalb County, Alabama",71554.0,44037.0,14.432754835770204,20.572197436442178,4.251918158567776
01051,"Elmore County, Alabama",87146.0,67597.0,24.5643675876234,10.281996188256432,4.68497576736672
01053,"Escambia County, Alabama",36879.0,38464.0,12.548607870586407,23.486297942483738,9.76051239209134
01055,"Etowah County, Alabama",103468.0,46984.0,18.009041043027647,16.01345537041383,6.113499570077386
01057,"Fayette County, Alabama",16365.0,43960.0,11.836841189772136,21.334907712385807,9.330453563714903
01059,"Franklin County, Alabama",32034.0,43633.0,14.273012307548319,18.066961465571698,4.622248226431654
01061,"Geneva County, Alabama",26604.0,43581.0,13.489954289358987,23.512424956303672,3.4432234432234434
01063,"Greene County, Alabama",7851.0,28826.0,12.703288760390313,39.79578648054802,9.99592003263974
01065,"Hale County, Alabama",14819.0,32294.0,15.787908820614469,24.912473398778058,6.905370843989769
01067,"Henry County, Alabama",17165.0,55870.0,21.578429765612196,14.394530078570146,4.93530745631586
01069,"Houston County, Alabama",106355.0,50222.0,22.22705583273291,17.665231319093923,5.205765615207855
01071,"Jackson County, Alabama",52548.0,43785.0,16.10225675568167,17.612336326405046,5.695540553389749
01073,"Jefferson County, Alabama",672550.0,58330.0,34.65632619974766,15.897475654952464,6.084453208686337
01075,"Lamar County, Alabama",13929.0,43324.0,9.951749095295536,16.275681188984407,4.937611408199643
01077,"Lauderdale County, Alabama",93342.0,50000.0,25.48178540345642,13.302275734610634,3.8086093775004
01079,"Lawrence County, Alabama",33089.0,51712.0,15.291647023528906,15.384145783095754,2.9690281238875045
01081,"Lee County, Alabama",172223.0,57191.0,38.62099703185306,19.924843725535066,4.249596557288865
01083,"Limestone County, Alabama",101217.0,70736.0,28.385361663780117,11.484871391505097,4.514653918104345
01085,"Lowndes County, Alabama",10334.0,31961.0,15.10249616510947,21.482646740733458,8.873974645786726
01087,"Macon County, Alabama",19490.0,39303.0,21.237738256639286,22.15404394576905,10.900868737355706
01089,"Madison County, Alabama",382149.0,71153.0,44.2866987234399,10.905656118324877,4.334749388598308
01091,"Marengo County, Alabama",19397.0,35379.0,19.70254523152407,22.316118935837245,5.370942812982999
01093,"Marion County, Alabama",29392.0,44551.0,12.611283027850511,17.47613117476131,5.917680973734785
01095,"Marshall County, Alabama",97179.0,52938.0,21.390407362796875,17.676425526592805,3.8977089076908453
01097,"Mobile County, Alabama",414620.0,51169.0,23.923576423576424,17.56578624981624,5.728964250539037
01099,"Monroe County, Alabama",20115.0,32631.0,12.886709454099663,22.168553459119497,11.827520951608543
01101,"Montgomery County, Alabama",229072.0,52511.0,33.35781163943455,19.624380449332513,6.420539833684812
01103,"Morgan County, Alabama",122608.0,56128.0,22.75740845602114,14.588315397900889,4.719356096869127
01105,"Perry County, Alabama",8702.0,27057.0,18.902877697841728,35.69258040010129,19.500984898227184
01107,"Pickens County, Alabama",19240.0,43389.0,13.299856527977044,22.671903460837886,6.959559317479511
01109,"Pike County, Alabama",33176.0,40106.0,27.75400793855353,23.77920672311708,4.428691746209994
01111,"Randolph County, Alabama",21984.0,47081.0,16.22428450905315,18.221248017908778,3.9655172413793105
01113,"Russell County, Alabama",58695.0,44065.0,17.265501592157058,21.943920707131863,6.023487323067351
01115,"St. Clair County, Alabama",90412.0,65070.0,18.491660623640318,12.054152564436345,4.8121870773319415
01117,"Shelby County, Alabama",220780.0,82592.0,44.79188731201017,6.9821424467376065,3.266938478718155
01119,"Sumter County, Alabama",12482.0,27099.0,19.46604458268533,31.553648068669528,6.962428359159414
01121,"Talladega County, Alabama",81850.0,45400.0,15.930129177344282,18.631903488684483,7.910422343324251
01123,"Tallapoosa County, Alabama",41284.0,50652.0,18.065173116089614,16.773527894465325,9.926262053318208
01125,"Tuscaloosa County, Alabama",223945.0,57508.0,30.644381223328594,15.803990802702995,5.252599432199823
01127,"Walker County, Alabama",65194.0,47442.0,14.08888496979851,16.931987164436098,6.98241654228403
01129,"Washington County, Alabama",15574.0,44512.0,13.562921244575755,16.68285732789327,6.380734751274389
01131,"Wilcox County, Alabama",10686.0,36385.0,10.972882303606374,27.41456877572509,14.035567715458278
01133,"Winston County, Alabama",23650.0,46096.0,13.4579219558063,19.301035979882215,4.853306812531079
02013,"Aleutians East Borough, Alaska",3409.0,72258.0,15.935334872979215,13.37260677466863,4.521963824289406
02016,"Aleutians West Census Area, Alaska",5251.0,90708.0,16.805627931214172,8.345063342047055,3.7303833290455364
02020,"Anchorage Municipality, Alaska",292545.0,88871.0,36.77216106604867,9.14993849250727,5.069152839181881
02050,"Bethel Census Area, Alaska",18514.0,57460.0,12.728179551122196,28.547836617857534,18.06345594741499
02060,"Bristol Bay Borough, Alaska",849.0,81563.0,22.08398133748056,3.5151515151515147,2.355460385438972
02063,"Chugach Census Area, Alaska",7015.0,87868.0,30.745721271393645,4.065393518518518,3.4492123845736016
02066,"Copper River Census Area, Alaska",2635.0,67439.0,29.756097560975608,11.378388697976327,7.627829002514669
02068,"Denali Borough, Alaska",2187.0,78750.0,39.43236714975845,15.710253998118532,2.5355596784168215
02070,"Dillingham Census Area, Alaska",4899.0,62115.0,19.562955254942768,18.043254376931,12.56446319737459
02090,"Fairbanks North Star Borough, Alaska",97149.0,78321.0,32.564432779616254,6.387026051070416,5.4151486829305515
02100,"Haines Borough, Alaska",2098.0,63355.0,25.64640111809923,16.747104247104247,3.711790393013101
02105,"Hoonah-Angoon Census Area, Alaska",2327.0,55990.0,22.344900105152472,8.8134135855546,14.965986394557824
02110,"Juneau City and Borough, Alaska",32240.0,90126.0,40.062207035528104,7.207745261371137,4.966962861699704
02122,"Kenai Peninsula Borough, Alaska",58711.0,70609.0,27.365666941227772,11.851298272446035,8.178122690317814
02130,"Ketchikan Gateway Borough, Alaska",13939.0,77820.0,26.385062748699113,9.355494266221513,4.595417825453582
02150,"Kodiak Island Borough, Alaska",13218.0,83765.0,29.179297181991693,7.762345679012346,5.093833780160858
02158,"Kusilvak Census Area, Alaska",8354.0,37975.0,2.920245398773006,36.64491177181532,24.602649006622517
02164,"Lake and Peninsula Borough, Alaska",986.0,49688.0,22.239747634069403,15.708418891170432,15.79961464354528
02170,"Matanuska-Susitna Borough, Alaska",106807.0,79300.0,23.714826064530918,10.656639589731814,7.273909421541338
02180,"Nome Census Area, Alaska",10070.0,63977.0,18.37424404126645,21.86886938564791,18.43093922651934
02185,"North Slope Borough, Alaska",10865.0,83992.0,15.598687027258457,8.558305211848518,9.13378399622701
02188,"Northwest Arctic Borough, Alaska",7776.0,68654.0,14.42890442890443,20.503503763301325,15.717029449423817
02195,"Petersburg Borough, Alaska",3368.0,71696.0,28.408195429472027,4.769001490312966,4.660766961651917
02198,"Prince of Wales-Hyder Census Area, Alaska",5886.0,55857.0,19.19942473633749,17.263843648208468,9.559322033898306
02220,"Sitka City and Borough, Alaska",8518.0,82083.0,33.24572930354796,6.874625074985002,5.0627784528149045
02230,"Skagway Municipality, Alaska",1329.0,75000.0,25.04708097928437,4.815650865312264,12.872340425531913
02240,"Southeast Fairbanks Census Area, Alaska",6849.0,68634.0,19.34690225900246,11.407910271546635,9.903941702550513
02275,"Wrangell City and Borough, Alaska",2162.0,54891.0,15.163147792706333,12.050443717888836,5.710814094775213
02282,"Yakutat City and Borough, Alaska",562.0,72083.0,10.309278350515463,7.295373665480427,1.5772870662460567
02290,"Yukon-Koyukuk Census Area, Alaska",5433.0,43405.0,12.9060074734119,23.211299015052962,12.72045028142589
04001,"Apache County, Arizona",66473.0,34788.0,12.827534110759641,33.899111431684595,9.030814603884878
04003,"Cochise County, Arizona",125092.0,55077.0,25.812317721736143,14.236292758661422,6.571773502609238
04005,"Coconino County, Arizona",144942.0,61888.0,38.739877955405,17.568602473404457,7.809482061889564
04007,"Gila County, Arizona",53211.0,51406.0,18.787539448233737,19.813926721657396,7.311204949425513
04009,"Graham County, Arizona",38145.0,57105.0,14.67603759461033,19.96892444035219,5.93006993006993
04011,"Greenlee County, Arizona",9542.0,67723.0,16.001388406803194,11.572950733199704,3.567292100996062
04012,"La Paz County, Arizona",16845.0,39732.0,11.819147322105902,20.15879750287896,7.724719101123595
04013,"Maricopa County, Arizona",4367186.0,72944.0,34.35641481651464,12.044164248709714,4.970813299200804
04015,"Mohave County, Arizona",211274.0,49738.0,14.627001332686437,15.99859454568208,7.381659686373819
04017,"Navajo County, Arizona",106609.0,46126.0,16.664752992507967,25.527607184520306,10.48497627833421
04019,"Pima County, Arizona",1035063.0,59215.0,34.37453524155999,15.123174322089586,6.17914266917976
04021,"Pinal County, Arizona",420625.0,65488.0,20.892033199552245,11.39558119225765,6.331198960653303
04023,"Santa Cruz County, Arizona",47463.0,45089.0,23.036131879714105,21.642233709007712,9.847602407299554
04025,"Yavapai County, Arizona",233789.0,56170.0,27.77418373835393,12.462476875283606,5.435314756639876
04027,"Yuma County, Arizona",202944.0,52563.0,15.68921646725806,18.32641946402667,8.029518925065558
05001,"Arkansas County, Arkansas",17273.0,55022.0,16.57490824157491,16.379361063717127,4.2791959551116046
05003,"Ashley County, Arkansas",19362.0,42683.0,12.019983595555887,20.591143258573137,5.028233396074214
05005,"Baxter County, Arkansas",41476.0,43530.0,18.605532398635845,14.016527313945835,5.397123202001251
05007,"Benton County, Arkansas",278774.0,76887.0,34.56419510061242,8.075611978552162,2.9744902287960633
05009,"Boone County, Arkansas",37445.0,48625.0,17.763509898341358,13.300760043431053,4.6408062814953706
05011,"Bradley County, Arkansas",10597.0,41972.0,12.522410701972142,14.75768827953918,5.446365143263083
05013,"Calhoun County, Arkansas",4811.0,55904.0,12.245491564863292,9.94239385534457,8.708414872798434
05015,"Carroll County, Arkansas",28154.0,53366.0,22.02097235462345,14.294945433658818,4.036384309266629
05017,"Chicot County, Arkansas",10405.0,33770.0,14.759628900759067,29.583077866339668,14.12859560067682
05019,"Clark County, Arkansas",21569.0,45351.0,27.8936929789766,20.3745007521137,3.6587810745789895
05021,"Clay County, Arkansas",14661.0,39817.0,13.99439451048613,18.778825635024436,6.403430937592429
05023,"Cleburne County, Arkansas",24848.0,48400.0,16.981743545425086,15.075581632237297,6.304176516942474
05025,"Cleveland County, Arkansas",7632.0,48183.0,16.705839811968904,12.351072279586974,1.9659239842726082
05027,"Columbia County, Arkansas",22947.0,41115.0,20.155149099708204,23.442304962861332,4.360806056082738
05029,"Conway County, Arkansas",20687.0,45812.0,18.67742159794173,18.881594942864087,6.666666666666667
05031,"Craighead County, Arkansas",109875.0,51788.0,28.94621155182438,17.79253362509668,5.720327296129447
05033,"Crawford County, Arkansas",60483.0,52057.0,19.070461832154486,17.744724427955074,4.671420312198882
05035,"Crittenden County, Arkansas",48338.0,46452.0,17.469625789729466,19.81183586038893,9.91857883049593
05037,"Cross County, Arkansas",16935.0,45247.0,14.054652251638716,17.611117766862346,8.241129339946585
05039,"Dallas County, Arkansas",6645.0,34337.0,11.50214592274678,12.901614782753454,8.158682634730539
05041,"Desha County, Arkansas",11530.0,33295.0,13.677536231884059,27.823883987070847,5.697879858657244
05043,"Drew County, Arkansas",17511.0,42891.0,23.742166517457473,20.03747582205029,2.514150322495722
05045,"Faulkner County, Arkansas",123191.0,54845.0,32.8969738184291,14.755110498405744,3.241132443865929
05047,"Franklin County, Arkansas",17159.0,42128.0,10.599000254172667,22.841918294849023,5.14317486794551
05049,"Fulton County, Arkansas",12072.0,36950.0,11.39663516939387,17.944836865119406,5.89454294266636
05051,"Garland County, Arkansas",99694.0,49985.0,23.766567973657267,16.203769740193582,6.168537291817524
05053,"Grant County, Arkansas",17912.0,62479.0,17.96240242153895,14.086818722055577,3.4265558075081888
05055,"Greene County, Arkansas",45665.0,51367.0,16.281112737920935,16.447324321304883,7.4133008845415835
05057,"Hempstead County, Arkansas",20352.0,43592.0,16.003261433548293,24.554504728720758,4.846126636009904
05059,"Hot Spring County, Arkansas",33096.0,46724.0,16.439284806372342,19.00805069675709,5.540061807492274
05061,"Howard County, Arkansas",12894.0,39558.0,14.260808926080893,20.27664256523106,5.739774448746003
05063,"Independence County, Arkansas",37796.0,50028.0,16.452705363471686,17.662888363369486,5.421792106337084
05065,"Izard County, Arkansas",13653.0,45318.0,17.020447906523856,15.729537366548044,6.854499579478554
05067,"Jackson County, Arkansas",16878.0,39154.0,12.672061399849838,20.842963970088373,10.27428398242158
05069,"Jefferson County, Arkansas",68199.0,43720.0,19.45659434185861,19.41663318601848,9.328626998991501
05071,"Johnson County, Arkansas",25853.0,40628.0,16.02076328673391,18.930842607313195,3.8177676537585423
05073,"Lafayette County, Arkansas",6373.0,36083.0,10.73149364870784,23.45104333868379,7.96243364638628
05075,"Lawrence County, Arkansas",16292.0,40746.0,14.87053245805981,15.507411630558723,7.2418670438472414
05077,"Lee County, Arkansas",8832.0,29082.0,9.763124199743919,27.71857923497268,14.252179745137491
05079,"Lincoln County, Arkansas",13092.0,49474.0,8.732651200486274,15.1140456182473,3.1473533619456364
05081,"Little River County, Arkansas",12104.0,57614.0,14.872284554786344,12.355862301153103,8.437270726338959
05083,"Logan County, Arkansas",21299.0,46570.0,12.635761589403973,15.678147777618982,4.832480951883937
05085,"Lonoke County, Arkansas",73824.0,62561.0,20.332548318986518,11.61278843785071,4.977839335180055
05087,"Madison County, Arkansas",16496.0,47862.0,13.539853811347024,16.5364424368209,5.128939828080229
05089,"Marion County, Arkansas",16750.0,41038.0,15.100382782595108,18.08754371156397,7.7468191335158645
05091,"Miller County, Arkansas",42875.0,46610.0,16.943351018312512,18.082316999831612,7.512780617915092
05093,"Mississippi County, Arkansas",41061.0,45740.0,14.244088311106129,21.79086568507362,9.562784915043514
05095,"Monroe County, Arkansas",6903.0,41667.0,13.474593704998972,21.447445684086905,10.305614783226725
05097,"Montgomery County, Arkansas",8525.0,41032.0,15.340289674505527,18.92342503274979,8.721100380450688
05099,"Nevada County, Arkansas",8340.0,42670.0,11.12858141160028,25.171484566389026,7.378984651711924
05101,"Newton County, Arkansas",7343.0,42817.0,16.407857811038355,10.304610318331504,4.571428571428571
05103,"Ouachita County, Arkansas",22858.0,43338.0,13.286364486564,21.136909527622098,6.271430151531911
05105,"Perry County, Arkansas",10056.0,47500.0,17.50352609308886,15.345987747313448,4.277398127056442
05107,"Phillips County, Arkansas",16923.0,32235.0,14.34948979591837,33.337299934551076,15.17272865621671
05109,"Pike County, Arkansas",10234.0,46672.0,19.479429051217465,17.739528405133818,3.659611992945326
05111,"Poinsett County, Arkansas",23212.0,42854.0,11.51188589540412,20.804511609463805,4.226636934928036
05113,"Polk County, Arkansas",19476.0,43444.0,15.521422797089734,20.9151007235438,10.341931613677264
05115,"Pope County, Arkansas",63234.0,47322.0,23.240228929217825,17.375425255153093,5.887077062746604
05117,"Prairie County, Arkansas",8306.0,47335.0,15.286307053941908,9.97648223790073,5.973684210526316
05119,"Pulaski County, Arkansas",397931.0,55235.0,36.34376523061927,15.832362618273965,5.202470761984593
05121,"Randolph County, Arkansas",18442.0,42225.0,16.06648199445983,19.26574977817214,7.285562067128397
05123,"St. Francis County, Arkansas",23623.0,34981.0,11.405454000599342,28.51788756388416,6.580166821130677
05125,"Saline County, Arkansas",122308.0,68605.0,27.913965822038893,8.649645906413395,3.8258446985649037
05127,"Scott County, Arkansas",9928.0,43577.0,10.937725762173097,15.151515151515152,5.8612171569728275
05129,"Searcy County, Arkansas",7872.0,39627.0,15.323279597850581,24.122412241224122,4.2833607907743
05131,"Sebastian County, Arkansas",127941.0,50226.0,23.995378097316728,17.53413138500837,4.940869423374929
05133,"Sevier County, Arkansas",16074.0,49470.0,11.623744655463856,21.648835745752045,4.832022873481058
05135,"Sharp County, Arkansas",17243.0,37361.0,11.133344005122458,18.026509572901325,5.518763796909492
05137,"Stone County, Arkansas",12364.0,32813.0,14.378652552651891,20.94368837095591,7.471922988769196
05139,"Union County, Arkansas",39262.0,46444.0,18.396507983883005,18.519565999897157,4.3782622044826525
05141,"Van Buren County, Arkansas",15851.0,40763.0,16.269165247018737,17.599387403484144,5.398018448923813
05143,"Washington County, Arkansas",242793.0,56610.0,33.74709859723484,15.318123365950454,4.717726972038917
05145,"White County, Arkansas",77075.0,46345.0,20.29401791235314,15.258340473567532,5.368511444730687
05147,"Woodruff County, Arkansas",6333.0,43717.0,16.10377991500783,20.829252366960496,7.561567811307665
05149,"Yell County, Arkansas",20489.0,51070.0,14.045307443365695,13.815887525460779,3.615092748735244
06001,"Alameda County, California",1673133.0,112017.0,49.643049495628894,8.913764913670166,5.040488243775
06003,"Alpine County, California",1344.0,96000.0,39.318885448916404,12.946428571428573,9.217391304347826
06005,"Amador County, California",40095.0,69955.0,19.5177304964539,7.904738468268942,6.768074886069712
06007,"Butte County, California",217884.0,59863.0,29.760070902530124,17.747997347043412,7.17555339263171
06009,"Calaveras County, California",45349.0,70119.0,19.910732167892192,14.125136332272353,6.790364947186051
06011,"Colusa County, California",21780.0,61861.0,14.653564768325921,13.004401204540189,5.5362979102703775
06013,"Contra Costa County, California",1161643.0,110455.0,44.056172517452985,8.202152519443917,5.831364317643315
06015,"Del Norte County, California",27655.0,53280.0,16.119372684362787,17.295115058538553,7.5037518759379696
06017,"El Dorado County, California",190568.0,88770.0,36.83414130403603,8.67802280402723,4.675440601765673
06019,"Fresno County, California",1003150.0,61276.0,22.632940249541473,20.179510578882027,8.764433548217628
06021,"Glenn County, California",28675.0,56332.0,14.895594183885427,15.059221658206429,7.044830741079597
06023,"Humboldt County, California",137014.0,53350.0,31.192240046900814,20.26107163405139,9.35676911048295
06025,"Imperial County, California",180051.0,49078.0,15.19765659716869,21.04001084081094,13.852731452333192
06027,"Inyo County, California",18804.0,60925.0,27.273388622144623,10.797459421312633,4.316958662544372
06029,"Kern County, California",905644.0,58824.0,17.607466278431776,19.351162402580627,8.81570653260151
06031,"Kings County, California",151887.0,63267.0,14.32011797281957,16.365226899945327,8.387961146466338
06033,"Lake County, California",67749.0,53399.0,17.517605633802816,16.847867062744093,10.06368978500299
06035,"Lassen County, California",32949.0,59292.0,11.77075196316244,13.869721824415224,6.8647431084414885
06037,"Los Angeles County, California",10019635.0,76367.0,34.0443691553715,13.856813682404958,6.992990369388649
06039,"Madera County, California",156304.0,66709.0,16.37770992056648,19.56448208680593,10.436859964393859
06041,"Marin County, California",262387.0,131008.0,60.148936170212764,6.937315290091773,5.14823761543093
06043,"Mariposa County, California",17225.0,53304.0,28.868497002886112,13.153714924407318,9.697280656747049
06045,"Mendocino County, California",91534.0,56378.0,24.50000767447929,15.826251180358831,8.459030237631659
06047,"Merced County, California",279150.0,58861.0,14.057088981693571,19.354211670988303,11.067997801494656
06049,"Modoc County, California",8723.0,51090.0,19.69835466179159,19.599528857479388,9.820359281437126
06051,"Mono County, California",13291.0,71138.0,29.525113193640095,9.979462995360159,2.393760086067778
06053,"Monterey County, California",438953.0,82013.0,26.490068585932043,12.153151317254878,5.350613531191275
06055,"Napa County, California",138795.0,97498.0,37.00238469734639,7.653282871048737,4.880592769191174
06057,"Nevada County, California",102090.0,74617.0,38.6752354288623,10.474821570182396,4.173820619736734
06059,"Orange County, California",3182923.0,100485.0,42.115793354238825,9.895392275787005,5.414516077514666
06061,"Placer County, California",400330.0,99734.0,41.60064431663763,6.9602172532975946,4.255439100017938
06063,"Plumas County, California",19631.0,57885.0,23.02120023925035,11.854040325506661,8.241693271845808
06065,"Riverside County, California",2409331.0,76066.0,23.5333463038483,11.955884004089286,7.1883639010935125
06067,"Sacramento County, California",1571767.0,76422.0,31.99697732714441,13.259277269745901,6.546313308936924
06069,"San Benito County, California",63329.0,95606.0,20.53248549862874,7.747810746809492,7.134930870047686
06071,"San Bernardino County, California",2171071.0,70287.0,21.91322134682862,14.296715463737424,7.3738623569149935
06073,"San Diego County, California",3296317.0,88240.0,40.26324988751049,10.719985360534192,6.249646164193401
06075,"San Francisco County, California",865933.0,126187.0,59.51675619657778,10.311054162545132,5.283849981784929
06077,"San Joaquin County, California",771406.0,74962.0,19.468542751431738,13.526914248563735,7.273210689475709
06079,"San Luis Obispo County, California",282771.0,82514.0,36.737546171508434,12.001855822080541,5.079879101899827
06081,"San Mateo County, California",762488.0,136837.0,52.45556065085272,6.165054382377704,4.599314653928169
06083,"Santa Barbara County, California",447651.0,84356.0,35.136029940981715,13.4235125353935,6.07898318073117
06085,"Santa Clara County, California",1932022.0,140258.0,54.39196900484077,6.654120947880057,4.446879314818638
06087,"Santa Cruz County, California",272138.0,96093.0,41.891268716837516,10.915073379613613,6.382249518469521
06089,"Shasta County, California",181935.0,61937.0,22.580845819499412,14.178074151914725,6.520368424306114
06091,"Sierra County, California",3079.0,56152.0,22.323363675769397,8.158584534731324,8.989501312335959
06093,"Siskiyou County, California",44151.0,49857.0,21.515687552369425,16.705522033278477,7.859485298204658
06095,"Solano County, California",451432.0,89648.0,27.83757228948438,8.857673396561353,5.845865888959018
06097,"Sonoma County, California",492498.0,91607.0,37.129150359803056,8.673442085808254,5.056998565150094
06099,"Stanislaus County, California",550842.0,68368.0,17.934735888957025,13.595261281182044,8.399959399740784
06101,"Sutter County, California",99080.0,67003.0,19.99475890985325,12.633522756256568,7.483097055616139
06103,"Tehama County, California",65345.0,52901.0,16.98890720363523,17.975107336050964,8.098864678090404
06105,"Trinity County, California",15818.0,42206.0,18.60241735371808,22.483994878361074,5.755894590846047
06107,"Tulare County, California",470999.0,57394.0,15.201910473488589,19.764587425586434,10.187404611196433
06109,"Tuolumne County, California",55243.0,66846.0,24.58555043159513,9.899056311881187,8.089082298732881
06111,"Ventura County, California",845255.0,94150.0,34.03202936750263,8.855051666476532,5.530504947241593
06113,"Yolo County, California",216703.0,78386.0,43.07295908777646,17.228503812779387,5.572431421215432
06115,"Yuba County, California",80404.0,62666.0,17.74952270356447,15.15601594434712,6.126839342569487
08001,"Adams County, Colorado",514969.0,78304.0,26.428740208115858,9.590514286162032,4.560370006294067
08003,"Alamosa County, Colorado",16377.0,46217.0,25.636845323007947,16.01090767432801,5.489651691065118
08005,"Arapahoe County, Colorado",651621.0,84947.0,44.49117225309195,7.7004284819584905,4.53574749681019
08007,"Archuleta County, Colorado",13267.0,62907.0,39.931338891613535,9.75294564804257,4.70344387755102
08009,"Baca County, Colorado",3519.0,39891.0,23.772102161100197,20.454545454545457,2.6762402088772843
08011,"Bent County, Colorado",5861.0,40972.0,14.216442583204762,25.43174828483558,6.087470449172576
08013,"Boulder County, Colorado",328713.0,92466.0,62.8624162603108,10.993386677436453,4.56278651300287
08014,"Broomfield County, Colorado",72697.0,107570.0,57.77227528200291,4.401211266437135,3.337398564660631
08015,"Chaffee County, Colorado",19436.0,61216.0,39.399686110384515,11.530375124488215,4.789781798829164
08017,"Cheyenne County, Colorado",1691.0,69063.0,22.21254355400697,11.554748941318813,2.877697841726619
08019,"Clear Creek County, Colorado",9427.0,76313.0,53.56907243699697,5.729054490631057,3.855953796500764
08021,"Conejos County, Colorado",7579.0,38536.0,24.472997390082313,16.337355788356984,7.957244655581948
08023,"Costilla County, Colorado",3517.0,35000.0,24.356511717249326,22.37702587432471,7.7142857142857135
08025,"Crowley County, Colorado",6018.0,37870.0,9.239904988123515,24.87268282745977,5.564738292011019
08027,"Custer County, Colorado",4720.0,59877.0,38.66231647634584,7.32017823042648,5.5254070054267395
08029,"Delta County, Colorado",31133.0,51803.0,22.910581157082444,16.87460280295682,5.24436686766106
08031,"Denver County, Colorado",706799.0,78177.0,52.52506783633694,11.600283747947792,4.576592637988389
08033,"Dolores County, Colorado",2288.0,62500.0,26.466088730239672,12.368881118881118,3.0224525043177892
08035,"Douglas County, Colorado",351929.0,127443.0,59.24434573259638,3.022461620101053,3.435319646974317
08037,"Eagle County, Colorado",55693.0,91338.0,50.91896512709627,9.204235896880807,3.8762205374789818
08039,"Elbert County, Colorado",25897.0,114904.0,35.29602070527337,4.202527719624719,1.955366631243358
08041,"El Paso County, Colorado",722736.0,75909.0,39.50619377485353,9.562321733764442,5.589929262604527
08043,"Fremont County, Colorado",49007.0,53411.0,18.606674047129527,14.056182999034924,4.645674181727843
08045,"Garfield County, Colorado",61221.0,77212.0,32.93108923467767,7.912762252259722,3.9304851556842864
08047,"Gilpin County, Colorado",5812.0,96784.0,48.82378100940975,7.939839104582022,1.9397116644823065
08049,"Grand County, Colorado",15629.0,69353.0,37.70326059482686,10.76518166645269,4.968194779556921
08051,"Gunnison County, Colorado",16851.0,63341.0,56.72953671488739,12.970006859138241,4.212839128773405
08053,"Hinsdale County, Colorado",858.0,45714.0,46.774193548387096,9.324009324009324,3.896103896103896
08055,"Huerfano County, Colorado",6787.0,45724.0,25.327596323097985,17.622208811104407,5.294585987261147
08057,"Jackson County, Colorado",1375.0,44667.0,27.247451343836886,14.5985401459854,9.023668639053255
08059,"Jefferson County, Colorado",580130.0,93933.0,47.905701572823205,6.815353623041285,3.9969847676709436
08061,"Kiowa County, Colorado",1414.0,45476.0,20.30075187969925,13.212996389891696,0.5738880918220948
08063,"Kit Carson County, Colorado",7071.0,52917.0,18.19511176101943,9.185863499785377,3.147835862844295
08065,"Lake County, Colorado",7417.0,73099.0,35.97913173094839,7.776560788608982,2.7346313716910964
08067,"La Plata County, Colorado",55673.0,75089.0,46.965343194822715,9.71191578790753,3.3044114224926036
08069,"Larimer County, Colorado",354670.0,80664.0,49.38107962750437,11.146761494111413,4.541785231377772
08071,"Las Animas County, Colorado",14531.0,45118.0,18.742374472078836,21.139903811643098,7.342934008545655
08073,"Lincoln County, Colorado",5630.0,46894.0,16.710244830045163,12.447916666666666,2.576489533011272
08075,"Logan County, Colorado",21765.0,50998.0,20.270003292723082,11.241329825400621,3.4245366284201237
08077,"Mesa County, Colorado",154685.0,62127.0,29.303031986812616,11.875111720193052,5.632837750484809
08079,"Mineral County, Colorado",794.0,55556.0,56.26865671641791,11.964735516372796,4.47427293064877
08081,"Moffat County, Colorado",13240.0,58583.0,18.83668903803132,17.681579147930798,4.490877904256978
08083,"Montezuma County, Colorado",25916.0,58335.0,30.001077818495364,12.209053817757917,5.070202808112325
08085,"Montrose County, Colorado",42328.0,57225.0,26.462928164045756,11.55975563192058,5.261803017041652
08087,"Morgan County, Colorado",28868.0,62914.0,17.515667684396593,11.964009559960635,4.301075268817205
08089,"Otero County, Colorado",18665.0,45826.0,18.96824142834571,21.970486587305942,6.282586027111575
08091,"Ouray County, Colorado",4850.0,67228.0,46.236828901154034,4.400826446280992,3.571428571428571
08093,"Park County, Colorado",17384.0,77775.0,33.08855291576674,6.260555587909848,4.375068703968341
08095,"Phillips County, Colorado",4497.0,50951.0,26.035087719298243,13.533664708540444,1.1380504700643246
08097,"Pitkin County, Colorado",17471.0,92708.0,62.34847921469473,5.225680486964511,2.73022561671495
08099,"Prowers County, Colorado",11966.0,44984.0,16.882948351933557,17.29024453469282,3.902439024390244
08101,"Pueblo County, Colorado",167453.0,53430.0,23.658222786306656,17.164872230437386,6.682902939736072
08103,"Rio Blanco County, Colorado",6495.0,58239.0,23.858103408300487,11.520363459354211,7.041800643086817
08105,"Rio Grande County, Colorado",11476.0,50287.0,28.89724310776942,13.92080608096164,7.184430702073481
08107,"Routt County, Colorado",24899.0,83725.0,50.80502808237497,8.639922119011885,2.4711012666989687
08109,"Saguache County, Colorado",6369.0,48413.0,25.462184873949578,16.49858178380082,10.623946037099493
08111,"San Juan County, Colorado",698.0,63333.0,42.16216216216216,14.183381088825215,6.91358024691358
08113,"San Miguel County, Colorado",8084.0,70965.0,59.932713873758416,9.371116082525479,3.590451765634248
08115,"Sedgwick County, Colorado",2459.0,44405.0,22.412807318467696,16.74917491749175,4.284412032816773
08117,"Summit County, Colorado",31042.0,93505.0,52.814980158730165,6.7965255720490045,3.248259860788863
08119,"Teller County, Colorado",24607.0,68677.0,36.96615737602336,7.552635874000327,4.386896495384364
08121,"Washington County, Colorado",4834.0,54141.0,22.10713228765907,11.403508771929824,3.11284046692607
08123,"Weld County, Colorado",322424.0,80843.0,29.478598103993104,9.692233527008854,4.928423569200268
08125,"Yuma County, Colorado",9944.0,56327.0,23.51322427763339,14.499376817615289,6.011469250543801
09001,"Fairfield County, Connecticut",956446.0,101194.0,49.213389479084285,9.194746710309294,6.347956179721057
09003,"Hartford County, Connecticut",898636.0,80320.0,39.22383900337849,10.946243978307676,5.800451542078337
09005,"Litchfield County, Connecticut",185175.0,84797.0,36.18500714187313,7.804448431670733,5.9523693566454
09007,"Middlesex County, Connecticut",164568.0,90833.0,43.62088713465231,6.430809726748558,4.666796150028055
09009,"New Haven County, Connecticut",864751.0,75043.0,36.647080620401255,11.472498374890417,6.7020604984583425
09011,"New London County, Connecticut",269131.0,79040.0,34.555312820782774,8.699495928654517,4.89254186525167
09013,"Tolland County, Connecticut",150120.0,88525.0,42.819707046135534,9.702528654141556,4.653773096183733
09015,"Windham County, Connecticut",116503.0,71418.0,24.41217741443475,11.329294305329007,6.846835301090944
10001,"Kent County, Delaware",180078.0,63715.0,25.68624367960675,13.25037776454966,5.368683817578735
10003,"New Castle County, Delaware",567769.0,78428.0,37.5478264848773,10.584879781271857,5.922115410079183
10005,"Sussex County, Delaware",234045.0,68886.0,30.403559485348296,12.089743311562913,5.0408935832126005
11001,"District of Columbia, District of Columbia",683154.0,93547.0,61.40107355359362,15.441255459487,7.024018183118
12001,"Alachua County, Florida",276171.0,53314.0,45.17671444218064,20.120949338201736,4.814996324430287
12003,"Baker County, Florida",28003.0,63860.0,15.189739800496122,11.670093118877736,5.0383077948034645
12005,"Bay County, Florida",181384.0,60473.0,25.59453331166469,12.928649283139096,4.463267452804074
12007,"Bradford County, Florida",27928.0,48803.0,11.780323516397068,19.449081803005008,4.98750892219843
12009,"Brevard County, Florida",601573.0,63632.0,31.6795511555869,10.5954326152048,4.747306461295811
12011,"Broward County, Florida",1934551.0,64522.0,34.28391437059712,12.375162400969296,5.9859469394692795
12013,"Calhoun County, Florida",13863.0,38098.0,10.019704433497537,18.19700893976105,3.446088794926004
12015,"Charlotte County, Florida",184837.0,57887.0,24.493380606967442,10.514508009659112,5.37632878427801
12017,"Citrus County, Florida",151888.0,48664.0,19.39128639273178,14.886727052087453,7.6988781960025054
12019,"Clay County, Florida",216308.0,74059.0,26.797925096799734,9.576457312324845,4.695734614776878
12021,"Collier County, Florida",372797.0,75543.0,37.88210449509938,10.600865454092775,4.177652322753071
12023,"Columbia County, Florida",69265.0,47750.0,15.405258082099879,14.356273663545286,8.153624974327377
12027,"DeSoto County, Florida",34027.0,39945.0,12.741876597298285,25.317635363921593,9.443570733168578
12029,"Dixie County, Florida",16701.0,44287.0,10.848300192431045,15.726393855118529,4.9097848716169326
12031,"Duval County, Florida",983153.0,59541.0,31.506737601271606,14.462690897142483,4.956548354726601
12033,"Escambia County, Florida",318828.0,56605.0,27.386875257918387,14.54292617520942,5.875924627464357
12035,"Flagler County, Florida",113888.0,62305.0,27.220493176921234,11.058220756657093,3.642809752861171
12037,"Franklin County, Florida",12232.0,52679.0,21.10856428422588,19.09458063304217,9.517871986699916
12039,"Gadsden County, Florida",44233.0,42661.0,19.601296908606468,24.24257208371957,3.98106427878857
12041,"Gilchrist County, Florida",17759.0,50983.0,12.525285217250588,12.198236546062633,3.869407496977025
12043,"Glades County, Florida",12183.0,38088.0,13.420047486321875,19.873641178110194,9.06344410876133
12045,"Gulf County, Florida",15205.0,53812.0,23.050933355857758,9.822006472491909,4.134929270946682
12047,"Hamilton County, Florida",13973.0,39346.0,9.049817272552414,26.39133253078989,11.349335819156375
12049,"Hardee County, Florida",25632.0,41395.0,10.239401797021046,26.225500526870388,6.607566230285538
12051,"Hendry County, Florida",39439.0,38843.0,8.475928363447808,25.886771098592998,6.111736032995876
12053,"Hernando County, Florida",192128.0,53301.0,19.404386752092158,13.163172672957968,6.29836736731739
12055,"Highlands County, Florida",101174.0,46895.0,18.784643810305894,15.890397234884537,7.351789331532749
12057,"Hillsborough County, Florida",1444359.0,64164.0,35.53463766848333,14.025301198895576,4.984303538010267
12059,"Holmes County, Florida",19622.0,41809.0,9.544468546637743,18.815818955859285,4.761904761904762
12061,"Indian River County, Florida",158002.0,61594.0,32.009688784497946,10.671856058189242,5.933781147138113
12063,"Jackson County, Florida",48067.0,43416.0,13.210554780678033,18.052773450058115,5.117110880350756
12065,"Jefferson County, Florida",14405.0,53080.0,21.531322505800464,17.12970188855939,6.183096341268573
12067,"Lafayette County, Florida",8343.0,56458.0,7.310137169621947,14.956222190325821,5.798421372191864
12069,"Lake County, Florida",375059.0,60013.0,25.2535026348447,10.720071715557092,6.116191660007695
12071,"Lee County, Florida",752251.0,63235.0,29.00648754061313,12.04607680184178,4.6242484674340805
12073,"Leon County, Florida",290965.0,57359.0,47.053900042422924,19.306559880153266,6.181314375630826
12075,"Levy County, Florida",42392.0,43029.0,15.107174945449877,18.042609853528628,5.162250329079151
12077,"Liberty County, Florida",7987.0,42438.0,13.456189151599443,20.491303021055842,7.703230386936458
12079,"Madison County, Florida",18051.0,39503.0,13.08966644380061,25.393836691144166,3.9215686274509802
12081,"Manatee County, Florida",394824.0,64964.0,32.20579033419231,10.355471421655144,5.464432063063163
12083,"Marion County, Florida",370372.0,50808.0,21.446537689279992,14.615755653750409,6.84314735957037
12085,"Martin County, Florida",158323.0,69769.0,34.241229285143966,10.472622218209723,4.557045916235647
12086,"Miami-Dade County, Florida",2690113.0,57815.0,31.74844105749896,15.683508838270182,5.105581999442862
12087,"Monroe County, Florida",82244.0,73153.0,35.68702290076336,10.965632134262973,3.599939094686011
12089,"Nassau County, Florida",88492.0,77504.0,31.788929821611454,9.631091440043804,4.724052325026258
12091,"Okaloosa County, Florida",209230.0,67390.0,33.215633836167875,10.97748663207119,3.4451963356810755
12093,"Okeechobee County, Florida",39716.0,47020.0,16.63293206917368,19.772540422033433,5.032808816971396
12095,"Orange County, Florida",1409949.0,65784.0,35.70253200378155,13.898758304523511,5.669146324322407
12097,"Osceola County, Florida",380331.0,58513.0,24.310424875894334,13.514966175516635,5.983405580442587
12099,"Palm Beach County, Florida",1481233.0,68874.0,37.98038135207313,11.599463377572741,6.108395543690429
12101,"Pasco County, Florida",551598.0,58084.0,26.07734696122651,12.184400008096436,5.4296052578912395
12103,"Pinellas County, Florida",957989.0,60451.0,34.11463215607993,11.543136032172265,4.948991383010334
12105,"Polk County, Florida",713148.0,55099.0,21.005834055770098,14.569795909028507,4.926938519956017
12107,"Putnam County, Florida",73147.0,39975.0,12.747626416031482,23.70067003775057,9.007518256052375
12109,"St. Johns County, Florida",265724.0,88794.0,45.980032362801815,7.65240737290037,4.653592545584002
12111,"St. Lucie County, Florida",324599.0,59807.0,24.209877741531162,11.815602307304598,5.65207799934488
12113,"Santa Rosa County, Florida",184345.0,77260.0,29.14903148073774,8.83905532350279,4.682105456338965
12115,"Sarasota County, Florida",429336.0,69490.0,37.31667650986405,8.142785632656144,3.5766717754295394
12117,"Seminole County, Florida",467382.0,73002.0,41.93623486371676,9.471601379256771,4.465449162851305
12119,"Sumter County, Florida",127335.0,63323.0,32.84779065003443,9.658451568144708,5.513907377566034
12121,"Suwannee County, Florida",43514.0,47218.0,15.969606442395115,15.18969082079146,5.296020888914117
12123,"Taylor County, Florida",21762.0,43563.0,11.933950462847136,18.244956454635652,6.203612939364235
12125,"Union County, Florida",16141.0,55463.0,10.975195378865104,17.03531237873496,3.3410138248847927
12127,"Volusia County, Florida",548783.0,56786.0,25.417952706449253,12.897937638469658,4.191037424688861
12129,"Wakulla County, Florida",33144.0,72941.0,19.983402489626556,6.184943925861258,3.2694182645433862
12131,"Walton County, Florida",73456.0,68111.0,32.49076809453471,12.780109603558628,4.569676827870731
12133,"Washington County, Florida",24906.0,41806.0,12.472527472527473,22.333136712192022,5.645599912977265
13001,"Appling County, Georgia",18509.0,39588.0,9.709288201473804,25.411868422502614,2.8794788273615635
13003,"Atkinson County, Georgia",8269.0,35741.0,10.881124192935815,26.908118619348564,6.158437330439501
13005,"Bacon County, Georgia",11163.0,40391.0,11.054794520547945,24.45018167909734,3.4224841341795105
13007,"Baker County, Georgia",2928.0,33417.0,18.186068256194485,25.06830601092896,12.127236580516898
13009,"Baldwin County, Georgia",43876.0,50413.0,25.283925451368667,22.560418359057678,7.554166445939503
13011,"Banks County, Georgia",18061.0,57893.0,16.48745519713262,13.156142492509154,3.3869395711500974
13013,"Barrow County, Georgia",82138.0,68365.0,20.853255552068525,10.45031815956926,3.972498090145149
13015,"Bartow County, Georgia",107868.0,65559.0,19.783194070454986,12.02493615742827,5.57979120059657
13017,"Ben Hill County, Georgia",17237.0,34455.0,10.93655589123867,25.64618205477021,4.172150565938405
13019,"Berrien County, Georgia",18195.0,44907.0,13.032042085126733,21.066145687970973,6.170598911070781
13021,"Bibb County, Georgia",156711.0,43862.0,25.531146965292546,25.2453997936978,7.7104496696739355
13023,"Bleckley County, Georgia",12562.0,48786.0,15.960832313341495,18.03511260861855,7.696969696969696
13025,"Brantley County, Georgia",18072.0,38211.0,6.493819232621608,16.812093591952426,4.72972972972973
13027,"Brooks County, Georgia",16254.0,39770.0,16.79315213554536,23.109400223519184,7.093596059113301
13029,"Bryan County, Georgia",43278.0,81032.0,33.50373285278217,8.816829381682938,5.789188701380741
13031,"Bulloch County, Georgia",79635.0,50583.0,28.273176844413616,22.512103667734568,9.04847117404497
13033,"Burke County, Georgia",24231.0,47837.0,15.149754712109475,15.350086000755129,5.642321928319942
13035,"Butts County, Georgia",24950.0,53613.0,12.185422939271714,19.111769724729445,4.792016599150282
13037,"Calhoun County, Georgia",5668.0,43549.0,11.501296252651425,26.111833550065022,15.06931886678722
13039,"Camden County, Georgia",54256.0,61636.0,21.80918402577972,15.996616100440292,3.949604670065765
13043,"Candler County, Georgia",10885.0,36763.0,12.649525642788396,24.941353101248005,5.769230769230769
13045,"Carroll County, Georgia",118402.0,62498.0,21.549005256504092,17.279777812712886,6.065579375662461
13047,"Catoosa County, Georgia",67579.0,62669.0,22.130467170373525,8.701308411214953,3.5033841199797253
13049,"Charlton County, Georgia",12416.0,45494.0,12.051112579863405,21.324759975336917,11.094311094311095
13051,"Chatham County, Georgia",294815.0,61064.0,35.545638783232,14.134949683006468,6.915408127732567
13053,"Chattahoochee County, Georgia",9533.0,50018.0,24.66912562377956,17.768937510359688,3.3246837495945507
13055,"Chattooga County, Georgia",24898.0,37946.0,10.853210474135418,21.507449605609114,3.2405484004985463
13057,"Cherokee County, Georgia",262155.0,90681.0,38.38946895700011,7.037632506115667,4.070241055174222
13059,"Clarke County, Georgia",128195.0,44070.0,46.957997919062485,26.18949748227315,5.5503534102579595
13061,"Clay County, Georgia",2883.0,35893.0,18.075665576833256,25.651867512332625,4.781533388293488
13063,"Clayton County, Georgia",294335.0,51945.0,20.224456012720264,16.435462218105755,6.953809270837589
13065,"Clinch County, Georgia",6737.0,47750.0,10.953523892646738,30.18471241928217,5.135699373695198
13067,"Cobb County, Georgia",762500.0,86013.0,49.03223681278544,8.6059028725857,4.906381172475593
13069,"Coffee County, Georgia",43048.0,44450.0,14.035828669975011,22.227793516684635,4.144851657940663
13071,"Colquitt County, Georgia",45800.0,41623.0,14.416613717687188,23.836015630174185,6.913003261769145
13073,"Columbia County, Georgia",154274.0,85928.0,37.53579150353533,6.866585706637417,4.993620821638173
13075,"Cook County, Georgia",17188.0,45702.0,16.648599819331526,20.523115073507707,5.175416770340881
13077,"Coweta County, Georgia",144928.0,83486.0,33.670806060235314,8.539570490461893,3.4230707780795657
13079,"Crawford County, Georgia",12159.0,53132.0,11.344879693130304,13.55705818515736,9.722222222222223
13081,"Crisp County, Georgia",20524.0,41605.0,13.704994192799072,26.23680656295333,9.725250763192324
13083,"Dade County, Georgia",16313.0,47675.0,16.44671873597271,9.839679358717435,4.719525350593312
13085,"Dawson County, Georgia",26202.0,77630.0,32.76128550871396,9.663007895243597,5.7673940195430164
13087,"Decatur County, Georgia",29020.0,45134.0,14.598274607629143,21.031689131058215,5.62311270709214
13089,"DeKalb County, Georgia",758634.0,69423.0,46.093864232778984,13.503014406934208,6.687214644755225
13091,"Dodge County, Georgia",20089.0,41362.0,15.559536934950385,20.857646152152373,4.214656372611062
13093,"Dooly County, Georgia",11546.0,39641.0,13.58472889097084,22.559260747288068,9.963849977406236
13095,"Dougherty County, Georgia",86825.0,42225.0,22.638031319910514,26.302810124145896,9.803009151543353
13097,"Douglas County, Georgia",143520.0,67731.0,29.384951137964027,12.168789471827258,6.646736014415596
13099,"Early County, Georgia",10813.0,39665.0,14.35685828116107,25.0,8.229988726042842
13101,"Echols County, Georgia",3691.0,45151.0,10.196078431372548,25.440260092115956,3.9399624765478425
13103,"Effingham County, Georgia",63448.0,72279.0,24.11766123009468,7.596886912325286,5.152593619098611
13105,"Elbert County, Georgia",19453.0,39904.0,12.557127312295973,23.47283597608526,7.570031124944419
13107,"Emanuel County, Georgia",22739.0,42880.0,12.78745181443573,24.932299077431498,9.443684930066253
13109,"Evans County, Georgia",10761.0,49325.0,15.795438447372149,23.654033041788143,8.159471183639743
13111,"Fannin County, Georgia",25198.0,49810.0,23.473555237900754,11.634703927613405,5.099419655598896
13113,"Fayette County, Georgia",117828.0,96084.0,46.219905683792504,5.413183500068521,4.125269228096991
13115,"Floyd County, Georgia",98210.0,52388.0,20.938457551412412,18.677714115316622,4.627489331436699
13117,"Forsyth County, Georgia",245754.0,120999.0,55.91722985610613,5.281832472490456,3.6556603773584904
13119,"Franklin County, Georgia",23256.0,49636.0,16.59275215408008,19.04300743936259,5.543689320388349
13121,"Fulton County, Georgia",1054286.0,77635.0,55.873224304643664,12.864389392035019,5.48446256600104
13123,"Gilmer County, Georgia",31047.0,60504.0,21.95748758602666,15.14363707266346,3.3470610258330216
13125,"Glascock County, Georgia",2903.0,53125.0,11.617195496417605,15.604085945755546,1.5349194167306215
13127,"Glynn County, Georgia",84373.0,60775.0,30.404144032022067,16.774209110754647,4.313900899557676
13129,"Gordon County, Georgia",57274.0,50520.0,16.111082354159116,16.0639519477078,3.0468104290329854
13131,"Grady County, Georgia",26076.0,47721.0,15.283147600636799,17.48995052566481,2.6628252138990742
13133,"Greene County, Georgia",18461.0,65759.0,31.850611531741407,14.782608695652174,5.5282237182806835
13135,"Gwinnett County, Georgia",948505.0,75853.0,38.502169837122175,10.51474477300293,4.053197843352489
13137,"Habersham County, Georgia",45767.0,56680.0,23.32588924491051,12.92504443777557,2.4285098433683
13139,"Hall County, Georgia",201703.0,67571.0,25.061982381178456,13.988002844067015,3.5866375519963642
13141,"Hancock County, Georgia",8652.0,33946.0,9.208400646203554,29.094049301303187,2.1748222501045587
13143,"Haralson County, Georgia",29685.0,57752.0,16.881021076825274,11.39188635432318,4.890376340413906
13145,"Harris County, Georgia",34316.0,82244.0,32.37972472867895,6.069578090303479,6.272307062196478
13147,"Hart County, Georgia",25808.0,54506.0,16.625942845001592,14.854419480155393,5.581652390163028
13149,"Heard County, Georgia",11440.0,55635.0,10.457849764060706,20.38267339888387,7.065435568044961
13151,"Henry County, Georgia",236615.0,73491.0,28.236486749931768,8.603687537755997,6.249848186742452
13153,"Houston County, Georgia",161177.0,70313.0,31.225819877597736,10.327208658444501,5.129944050185288
13155,"Irwin County, Georgia",9615.0,42312.0,17.102705935117356,20.88323353293413,7.668019846639602
13157,"Jackson County, Georgia",73839.0,73455.0,25.002996524032124,9.745437606181838,4.462214459212357
13159,"Jasper County, Georgia",14478.0,52322.0,16.118453741428997,16.152019002375297,5.585149313962874
13161,"Jeff Davis County, Georgia",14753.0,39668.0,12.849859535948394,21.225129463068956,5.080213903743315
13163,"Jefferson County, Georgia",15708.0,42238.0,11.109043542984741,18.19736842105263,5.80060422960725
13165,"Jenkins County, Georgia",8693.0,29061.0,8.03657362848893,27.92566549472627,4.068278805120911
13167,"Johnson County, Georgia",9272.0,46292.0,9.080101055134493,19.54798248727961,11.596907491335644
13169,"Jones County, Georgia",28297.0,61701.0,17.72171410954681,14.188393908050076,5.130890052356021
13171,"Lamar County, Georgia",18482.0,53802.0,18.188548864758143,12.46651915686503,8.341392649903288
13173,"Lanier County, Georgia",9874.0,33956.0,17.299894879110976,34.09114610491188,2.666666666666667
13175,"Laurens County, Georgia",49202.0,42315.0,16.671717783973815,24.975124378109452,5.095287853908544
13177,"Lee County, Georgia",32547.0,74935.0,30.744715751980127,9.895282928235181,4.887591603527512
13179,"Liberty County, Georgia",64334.0,50617.0,19.68907765045276,16.795728067628175,7.730546172965394
13181,"Lincoln County, Georgia",7686.0,44087.0,13.336856941508104,18.476541908276225,4.5129162776221605
13183,"Long County, Georgia",16398.0,52742.0,14.657638756437155,18.41925253404639,6.877022653721683
13185,"Lowndes County, Georgia",117437.0,48703.0,26.437642180435972,22.915118706435976,5.281734985353784
13187,"Lumpkin County, Georgia",33188.0,64179.0,32.464058843196256,12.093874203520283,4.2752417914125544
13189,"McDuffie County, Georgia",21727.0,50721.0,15.973218555714968,16.881305500023245,5.369478752355034
13191,"McIntosh County, Georgia",11291.0,49951.0,18.07377508689315,19.731423455684872,4.136400322841001
13193,"Macon County, Georgia",12330.0,33163.0,10.090293453724605,27.321289821289824,9.27346570397112
13195,"Madison County, Georgia",29906.0,51854.0,20.35445496479728,22.126727334007416,6.237340224907452
13197,"Marion County, Georgia",7563.0,47250.0,14.298808432630613,13.527993570854541,5.702453010512902
13199,"Meriwether County, Georgia",20659.0,46789.0,11.84327693677649,21.921951219512195,5.588028992284311
13201,"Miller County, Georgia",5984.0,51983.0,19.77702375181774,22.716387273349298,6.4338235294117645
13205,"Mitchell County, Georgia",21940.0,43427.0,11.711293743372217,26.543366698846604,8.792796798577147
13207,"Monroe County, Georgia",27825.0,67154.0,28.815748682442905,14.451995644501183,4.110317580914755
13209,"Montgomery County, Georgia",8701.0,48717.0,17.765440666204025,17.022629036359014,9.389542841500138
13211,"Morgan County, Georgia",19694.0,71000.0,27.162181608864582,6.526565807817421,3.060155103751834
13213,"Murray County, Georgia",39853.0,53821.0,10.238139883742733,15.143808966762453,6.766677306096393
13215,"Muscogee County, Georgia",204366.0,50542.0,27.608088163681177,19.538888299404285,7.48462064251538
13217,"Newton County, Georgia",111262.0,64767.0,21.65398841510224,13.57557290906437,5.807444977809981
13219,"Oconee County, Georgia",41006.0,106165.0,51.576813335335636,4.665209811672846,3.0322234680446547
13221,"Oglethorpe County, Georgia",14779.0,58791.0,21.266576974822218,10.595482546201232,4.152202937249666
13223,"Paulding County, Georgia",165688.0,80234.0,25.885969918444747,6.310316973477234,4.175740165871288
13225,"Peach County, Georgia",27822.0,53215.0,21.737918733626888,19.15657072304962,8.627138877835257
13227,"Pickens County, Georgia",32814.0,71637.0,24.473257698541328,12.59438885137209,4.56691934882565
13229,"Pierce County, Georgia",19644.0,50820.0,15.450056969236611,17.92317173377157,2.7456987980202685
13231,"Pike County, Georgia",18754.0,76152.0,20.36082474226804,8.527467764654892,4.257028112449799
13233,"Polk County, Georgia",42692.0,48958.0,13.195890846189148,18.068286246141522,6.439238952536824
13235,"Pulaski County, Georgia",10001.0,44946.0,12.542144302090358,17.499416296988095,4.82881962187021
13237,"Putnam County, Georgia",21870.0,55757.0,25.908632004038363,17.74802135100313,4.230442176870748
13239,"Quitman County, Georgia",2249.0,31594.0,9.070165430690246,18.852823477100934,20.99236641221374
13241,"Rabun County, Georgia",16731.0,48652.0,26.110892646480533,16.899781075164196,4.15844589467294
13243,"Randolph County, Georgia",6503.0,28870.0,12.37450385243988,30.688,9.6474234792716
13245,"Richmond County, Georgia",205772.0,46237.0,22.591826176927057,22.078433377645975,8.387754294308557
13247,"Rockdale County, Georgia",92983.0,64230.0,27.918929402637705,11.857372560949111,6.1113067981683695
13249,"Schley County, Georgia",4622.0,50586.0,15.303430079155673,17.308524448290783,6.730769230769231
13251,"Screven County, Georgia",14028.0,43167.0,14.661992989484226,17.30134272507154,5.665349143610013
13253,"Seminole County, Georgia",9108.0,40579.0,15.818289434744006,24.822380106571938,5.329719963866306
13255,"Spalding County, Georgia",66722.0,51972.0,18.59734136598782,17.35352949260204,4.667638385139487
13257,"Stephens County, Georgia",26641.0,50194.0,16.314948482010028,13.467802064121178,5.397844153706903
13259,"Stewart County, Georgia",5347.0,39020.0,15.441860465116278,26.376554174067497,6.772908366533864
13261,"Sumter County, Georgia",29690.0,36687.0,19.4212013004317,24.153890656638705,7.500580540289496
13263,"Talbot County, Georgia",5837.0,40719.0,14.100523083920855,16.7786391042205,6.447784810126582
13265,"Taliaferro County, Georgia",1574.0,39670.0,8.571428571428571,21.346886912325285,5.6657223796034
13267,"Tattnall County, Georgia",23211.0,49977.0,14.46871712358438,20.088114969054864,7.328918322295806
13269,"Taylor County, Georgia",7857.0,36293.0,15.477888730385164,28.749351323300466,6.815365551425032
13271,"Telfair County, Georgia",12860.0,42971.0,7.113709054814161,26.166166166166168,1.6353887399463807
13273,"Terrell County, Georgia",9102.0,38879.0,10.68640208197788,30.05464480874317,7.332985386221294
13275,"Thomas County, Georgia",45669.0,52315.0,25.358147863903813,17.226461975330555,5.540288981473274
13277,"Tift County, Georgia",41148.0,46245.0,17.84886592454694,22.1013382367964,2.7124773960216997
13279,"Toombs County, Georgia",26956.0,42975.0,16.802338913093326,20.100748092176985,5.97692796802616
13281,"Towns County, Georgia",12300.0,53084.0,31.48028442146089,14.239453877122351,5.013246382718566
13283,"Treutlen County, Georgia",6410.0,35441.0,14.190792596108212,32.05892088712347,8.375850340136054
13285,"Troup County, Georgia",69483.0,49042.0,19.702084104619004,19.115284267625775,4.896747866946952
13287,"Turner County, Georgia",8856.0,35828.0,10.94406724862593,27.18253968253968,8.5189021232522
13289,"Twiggs County, Georgia",8034.0,45824.0,11.178396072013093,15.743987975951903,3.049813622500847
13291,"Union County, Georgia",24183.0,52509.0,24.924012158054712,14.939269541664904,3.0540827147401908
13293,"Upson County, Georgia",27424.0,43257.0,14.58966565349544,22.413209463271524,3.163103021735289
13295,"Walker County, Georgia",67772.0,48633.0,19.469304115088658,13.797686289908478,6.5286378901315585
13297,"Walton County, Georgia",95453.0,71692.0,23.160125931236557,11.46402984441901,4.977894915830642
13299,"Ware County, Georgia",36084.0,39419.0,14.307842817544431,23.827822460530236,4.495221027479092
13301,"Warren County, Georgia",5218.0,37309.0,9.241270674717773,27.406832298136646,7.263107263107263
13303,"Washington County, Georgia",20052.0,39350.0,16.230774682826564,18.18231922398589,4.088497865183077
13305,"Wayne County, Georgia",30118.0,45115.0,13.54452726559435,18.839757455409384,4.67107494065785
13307,"Webster County, Georgia",2372.0,32083.0,13.550295857988164,29.43412162162162,8.449304174950298
13309,"Wheeler County, Georgia",7568.0,26776.0,9.142988084326307,23.031123139377538,5.264857881136951
13311,"White County, Georgia",27886.0,64729.0,21.813203529053848,11.958399176803498,3.975058456742011
13313,"Whitfield County, Georgia",103076.0,52439.0,17.57417574175742,15.089662499139278,6.574505706478058
13315,"Wilcox County, Georgia",8841.0,41406.0,12.624843945068665,25.987797791981404,7.155083875385142
13317,"Wilkes County, Georgia",9643.0,43859.0,12.098163030998851,21.428571428571427,2.271651680075722
13319,"Wilkinson County, Georgia",8931.0,34680.0,10.028929604628736,26.040009092975673,8.16081608160816
13321,"Worth County, Georgia",20824.0,54791.0,10.837539217023599,18.50587604232701,6.774400684931507
15001,"Hawaii County, Hawaii",200468.0,68399.0,30.16603878889354,13.79420342690485,6.865556871791674
15003,"Honolulu County, Hawaii",1015167.0,92600.0,36.22628588245947,8.597100805987745,4.404470384622465
15005,"Kalawao County, Hawaii",48.0,79583.0,36.17021276595745,20.930232558139537,0.0
15007,"Kauai County, Hawaii",73247.0,86287.0,30.062519060689237,9.149856903869818,4.391405616183822
15009,"Maui County, Hawaii",164568.0,88249.0,30.011288501854537,9.486581742804947,5.671196742932508
16001,"Ada County, Idaho",485246.0,75115.0,40.73871318002958,9.166949058005637,3.483245492156391
16003,"Adams County, Idaho",4321.0,52746.0,18.50014590020426,16.059757236227824,9.731543624161073
16005,"Bannock County, Idaho",86362.0,56472.0,28.952529691642752,12.70467454074479,5.234186618603405
16007,"Bear Lake County, Idaho",6327.0,60337.0,19.089359629900173,13.105095541401274,4.156125767979761
16009,"Benewah County, Idaho",9509.0,50257.0,18.208778173190986,14.698666666666666,4.4001023279611156
16011,"Bingham County, Idaho",47540.0,63106.0,19.570513712933316,11.036390721430092,5.427475750056395
16013,"Blaine County, Idaho",23868.0,71749.0,42.44638227669102,9.942502203382716,2.3879694702637346
16015,"Boise County, Idaho",7549.0,64125.0,27.7842711638003,11.631921391581464,1.4817054732385848
16017,"Bonner County, Idaho",46481.0,55206.0,26.58599827139153,11.69344333478072,3.69256976802445
16019,"Bonneville County, Idaho",121771.0,64928.0,31.292370020256584,9.53217294771637,4.156899515549305
16021,"Boundary County, Idaho",11966.0,51261.0,16.338199513381994,17.388744006057035,4.135802469135803
16023,"Butte County, Idaho",2573.0,41552.0,14.676486059968438,22.995283018867923,2.868447082096934
16025,"Camas County, Idaho",1044.0,37367.0,23.398328690807798,14.367816091954023,2.375296912114014
16027,"Canyon County, Idaho",227367.0,60716.0,20.713058661184487,11.089355325013603,4.388281850955969
16029,"Caribou County, Idaho",7003.0,65528.0,18.892873151053337,6.666666666666667,2.7186761229314422
16031,"Cassia County, Idaho",24469.0,57547.0,18.722057913198984,10.146006535136701,3.1118731247321048
16033,"Clark County, Idaho",839.0,48088.0,19.230769230769234,5.244338498212158,1.6166281755196306
16035,"Clearwater County, Idaho",8719.0,50787.0,18.08123453195516,13.62887903736542,5.767470247177296
16037,"Custer County, Idaho",4273.0,47663.0,27.48771498771499,15.127238454288408,4.817073170731708
16039,"Elmore County, Idaho",28396.0,48475.0,19.54286352967475,14.257620452310718,5.435575660294761
16041,"Franklin County, Idaho",14036.0,56677.0,15.521355285134813,11.442535757924244,0.8180274733755208
16043,"Fremont County, Idaho",13370.0,61875.0,21.27322156773901,12.04527712724434,5.337223270979921
16045,"Gem County, Idaho",18692.0,59957.0,21.28501827040195,10.734680430485394,3.6620365055676727
16047,"Gooding County, Idaho",15422.0,56734.0,15.459961627789559,14.983670803396473,5.595254145881084
16049,"Idaho County, Idaho",16494.0,47508.0,21.967401097550987,11.790557508789554,4.24681858538029
16051,"Jefferson County, Idaho",30427.0,69097.0,25.197030268418047,7.95506950391989,3.5204367301231803
16053,"Jerome County, Idaho",24081.0,61280.0,13.600596933930268,15.837975956101037,3.8274656891995567
16055,"Kootenai County, Idaho",168317.0,64936.0,26.470437850459327,9.316829898455808,3.551808938861904
16057,"Latah County, Idaho",39464.0,56673.0,43.921381464769176,16.202114513250034,5.351551380586393
16059,"Lemhi County, Idaho",7948.0,46105.0,21.90806878306878,12.431327456241217,3.4420289855072466
16061,"Lewis County, Idaho",3613.0,44028.0,18.938807126258713,16.21245828698554,3.6336109008327027
16063,"Lincoln County, Idaho",5184.0,55988.0,11.77351707609347,12.354085603112841,6.669178598342125
16065,"Madison County, Idaho",50979.0,53498.0,36.34448972116661,24.270177447052088,6.539039039039039
16067,"Minidoka County, Idaho",21393.0,56140.0,12.940114354498947,17.99123757478683,3.87026166550592
16069,"Nez Perce County, Idaho",41820.0,61810.0,25.41646671693974,14.649307424991434,3.2650509713406426
16071,"Oneida County, Idaho",4514.0,64766.0,22.479564032697546,11.58129175946548,0.3264925373134328
16073,"Owyhee County, Idaho",11815.0,54669.0,13.293244626407368,15.207333790267304,2.8683181225554106
16075,"Payette County, Idaho",24928.0,59540.0,18.500303582270796,10.846743139718699,4.264448336252189
16077,"Power County, Idaho",7854.0,52116.0,13.80718954248366,9.669992325402916,5.900783289817232
16079,"Shoshone County, Idaho",13124.0,43188.0,11.271736853132202,15.118439386901997,6.28127696289905
16081,"Teton County, Idaho",11490.0,75837.0,46.63727959697733,8.146018470116745,3.4472331418203805
16083,"Twin Falls County, Idaho",89128.0,57430.0,23.483173667403587,12.999284505570635,3.710760508399749
16085,"Valley County, Idaho",11476.0,67528.0,29.49744273960418,10.614869626497534,0.7495948136142625
16087,"Washington County, Idaho",10425.0,45065.0,17.481381178063643,13.794772507260406,6.558139534883721
17001,"Adams County, Illinois",65878.0,58587.0,25.683963289983037,11.929134467966488,4.199756535852995
17003,"Alexander County, Illinois",5488.0,39871.0,12.25451688923802,24.53392990305742,10.626992561105206
17005,"Bond County, Illinois",16804.0,53654.0,21.171359344974515,15.100965759438104,3.7678767876787678
17007,"Boone County, Illinois",53592.0,74076.0,24.83551238245842,9.319091114969428,8.209560769095079
17009,"Brown County, Illinois",6330.0,59346.0,12.997404844290658,9.668695064232589,1.497504159733777
17011,"Bureau County, Illinois",33338.0,59407.0,20.42598059890342,12.221038209773177,5.925223677193814
17013,"Calhoun County, Illinois",4537.0,74792.0,17.332532291979575,6.898891653472066,4.0992448759439055
17015,"Carroll County, Illinois",15586.0,54959.0,19.861330524837634,11.697933659597608,5.0080538878313074
17017,"Cass County, Illinois",13058.0,58364.0,18.24717562478603,13.298242898057126,6.760607979734008
17019,"Champaign County, Illinois",206583.0,56939.0,45.47629729325557,18.338149307388036,5.057593009400238
17021,"Christian County, Illinois",34038.0,53188.0,18.189687152219612,10.635590590279934,5.441291330382713
17023,"Clark County, Illinois",15587.0,66067.0,23.352962826647037,7.948533733916792,4.091028676664036
17025,"Clay County, Illinois",13313.0,53900.0,14.833512352309345,15.700206280082513,5.62749800159872
17027,"Clinton County, Illinois",37048.0,72468.0,23.086541376174598,7.412928192632936,3.371554807490006
17029,"Coles County, Illinois",47542.0,48534.0,25.736281736281736,19.757440611631928,7.348697474008775
17031,"Cook County, Illinois",5265398.0,72121.0,40.748655847443096,13.481389701757223,7.260501689026842
17033,"Crawford County, Illinois",18825.0,54942.0,17.291923663014295,10.572766570605188,3.0424242424242425
17035,"Cumberland County, Illinois",10528.0,66530.0,19.180482544817362,9.626908950318965,2.728561304039688
17037,"DeKalb County, Illinois",100922.0,64019.0,33.18838640620819,15.625776268940964,7.344612581065871
17039,"De Witt County, Illinois",15653.0,60401.0,20.909901873327385,11.116893254407078,5.363279332351497
17041,"Douglas County, Illinois",19708.0,63142.0,19.106680870491555,10.324514262091773,3.259022293312006
17043,"DuPage County, Illinois",934094.0,100292.0,50.66439310769039,6.105851843891489,4.808503883352304
17045,"Edgar County, Illinois",16998.0,50843.0,18.238791579623975,11.35232383808096,5.443084010183052
17047,"Edwards County, Illinois",6233.0,55833.0,13.334842653384651,13.514387326220497,7.96221322537112
17049,"Effingham County, Illinois",34576.0,65590.0,23.09540874404486,10.523530967988478,2.6266416510318953
17051,"Fayette County, Illinois",21514.0,47744.0,12.55734696552628,17.182113414938797,4.235768713581354
17053,"Ford County, Illinois",13589.0,55011.0,21.73636844891477,13.09930856317909,4.646314221891288
17055,"Franklin County, Illinois",38068.0,47751.0,17.71182027821171,18.361983426747834,6.0648553900087645
17057,"Fulton County, Illinois",34022.0,53441.0,18.258971871968964,14.791251226537524,7.301669137075466
17059,"Gallatin County, Illinois",5038.0,52597.0,10.966693744922827,16.742800397219465,8.068783068783068
17061,"Greene County, Illinois",12187.0,54427.0,16.519516728624538,13.431075160094371,3.4204193881058784
17063,"Grundy County, Illinois",52364.0,81764.0,26.637066743053566,6.101446197215733,4.718805882996971
17065,"Hamilton County, Illinois",8021.0,58306.0,18.718263001225704,12.80110984991802,5.437553101104503
17067,"Hancock County, Illinois",17750.0,58188.0,24.540211970074814,12.513558257692528,4.666046078659529
17069,"Hardin County, Illinois",3700.0,51738.0,13.378839590443686,12.448247308860061,6.0357675111773474
17071,"Henderson County, Illinois",6485.0,62202.0,18.56115107913669,8.354075917859365,7.271616254201038
17073,"Henry County, Illinois",49412.0,62097.0,23.93845624892556,10.002061005770816,4.349246538979867
17075,"Iroquois County, Illinois",27362.0,58481.0,15.943303502146811,10.321298691560754,5.583060400639805
17077,"Jackson County, Illinois",53676.0,41699.0,34.15395070117996,23.842541712458786,8.557631412286257
17079,"Jasper County, Illinois",9324.0,60237.0,19.75781729000613,11.672436174816097,4.666949512091642
17081,"Jefferson County, Illinois",37362.0,54692.0,18.173826632013455,15.088355233348436,6.777515678039238
17083,"Jersey County, Illinois",21533.0,71655.0,22.423676843087588,7.015834348355663,4.619589977220957
17085,"Jo Daviess County, Illinois",21995.0,61289.0,25.124197261601843,8.96535902729984,3.0962267557320815
17087,"Johnson County, Illinois",13238.0,58502.0,17.337749715350377,13.740388136213841,3.9111316824809075
17089,"Kane County, Illinois",518648.0,88935.0,35.96619129904154,8.440592319527644,5.155707863407406
17091,"Kankakee County, Illinois",108104.0,61664.0,20.747473055229797,13.23319853649143,5.370575324992028
17093,"Kendall County, Illinois",130757.0,101816.0,35.261582117907345,4.360346800390112,4.258189636999873
17095,"Knox County, Illinois",50193.0,45994.0,19.650842793257652,16.155570548675648,5.172102267594182
17097,"Lake County, Illinois",714484.0,97127.0,46.31948689874941,7.557241608965747,5.332432733192032
17099,"LaSalle County, Illinois",109986.0,62825.0,18.49629095404904,13.683092768004812,5.819279247292739
17101,"Lawrence County, Illinois",15465.0,52020.0,13.287270794578793,13.771996939556235,6.369029035279425
17103,"Lee County, Illinois",34373.0,62250.0,18.641704839673373,11.95081337261432,3.6150680595125038
17105,"Livingston County, Illinois",35902.0,61419.0,16.772865793327266,11.910684671878702,4.490398818316101
17107,"Logan County, Illinois",28238.0,59809.0,21.066761219734577,10.425898572131954,5.641694811175929
17109,"McDonough County, Illinois",27743.0,45704.0,32.215655530092874,19.38226126381411,8.562971315808019
17111,"McHenry County, Illinois",310749.0,93801.0,35.18616269205392,6.283805694273299,5.0712024861989535
17113,"McLean County, Illinois",171455.0,70339.0,45.60749990424024,15.713283356106208,3.2281067131489887
17115,"Macon County, Illinois",104331.0,55954.0,23.462909333927378,15.340616202069867,8.073763825634353
17117,"Macoupin County, Illinois",45152.0,58227.0,18.480736234596787,14.995250373184966,4.875278080181758
17119,"Madison County, Illinois",266112.0,66882.0,28.468129683848613,12.167290157549873,5.254136726217944
17121,"Marion County, Illinois",37781.0,53209.0,16.197747661767515,16.87860639374299,8.981069042316259
17123,"Marshall County, Illinois",11781.0,60231.0,17.995337995337994,11.365444100751215,4.212902012413014
17125,"Mason County, Illinois",13225.0,54415.0,16.72944130571249,14.010883728060092,5.206209816528148
17127,"Massac County, Illinois",14280.0,57658.0,13.11619718309859,14.010457703602894,4.423902277979532
17129,"Menard County, Illinois",12343.0,79743.0,24.443162146566646,6.568804329998359,5.0879396984924625
17131,"Mercer County, Illinois",15779.0,59972.0,18.73001776198934,9.990350595046639,4.174252275682705
17133,"Monroe County, Illinois",34732.0,92950.0,37.051630986716496,3.218958999709218,2.4187650193292236
17135,"Montgomery County, Illinois",28482.0,59309.0,17.863702271628807,14.62393363074274,4.58986019875358
17137,"Morgan County, Illinois",33189.0,55261.0,21.077202386098385,13.009868421052632,6.254008980115458
17139,"Moultrie County, Illinois",14634.0,67309.0,19.81074481074481,8.575013943112102,3.753351206434316
17141,"Ogle County, Illinois",51787.0,67534.0,21.585413308132747,8.826298446571473,6.545178435839027
17143,"Peoria County, Illinois",182439.0,58426.0,32.91692844961936,15.616175848950261,7.2771556041154515
17145,"Perry County, Illinois",21158.0,53108.0,11.641771488469601,19.00410899653979,4.6852474771744355
17147,"Piatt County, Illinois",16664.0,77559.0,31.079700272479567,5.765060240963855,4.546495648190564
17149,"Pike County, Illinois",14923.0,51529.0,17.573423206547904,13.712421023397903,5.936788154897495
17151,"Pope County, Illinois",3820.0,48013.0,14.492254733218587,21.47409254641175,7.5558982266769465
17153,"Pulaski County, Illinois",5279.0,40197.0,14.713679745493108,18.244538137217326,6.256684491978609
17155,"Putnam County, Illinois",5638.0,67419.0,19.965953307392997,9.577114427860696,4.038946988820772
17157,"Randolph County, Illinois",30632.0,58093.0,13.19052987598647,13.21173554330534,4.716280451574569
17159,"Richland County, Illinois",15876.0,59963.0,19.394435351882162,13.524642903101276,4.728789986091794
17161,"Rock Island County, Illinois",144694.0,58974.0,23.570925907308737,14.689289805269187,6.557056448796569
17163,"St. Clair County, Illinois",258597.0,63017.0,29.63183369039118,13.622531130296482,5.5627553069746645
17165,"Saline County, Illinois",23869.0,47541.0,19.16603575796401,17.000214270409256,7.423863741553271
17167,"Sangamon County, Illinois",196759.0,66149.0,33.975706610605,14.08890178923144,5.347007158450526
17169,"Schuyler County, Illinois",6953.0,58447.0,17.36842105263158,17.24789305434467,6.540880503144654
17171,"Scott County, Illinois",4923.0,63555.0,22.073101085094233,12.096276486319688,4.11740725642071
17173,"Shelby County, Illinois",21160.0,60103.0,17.392165929057402,9.00510082471278,3.7507157854552395
17175,"Stark County, Illinois",5436.0,55109.0,19.5046439628483,13.262999246420499,3.598260181890075
17177,"Stephenson County, Illinois",44817.0,53806.0,21.34753778951007,14.095147349077791,6.76185712336865
17179,"Tazewell County, Illinois",131977.0,68860.0,27.6671754733526,8.874366807161364,4.2459239130434785
17181,"Union County, Illinois",17259.0,53363.0,22.6983487716472,19.54705882352941,6.951582364078983
17183,"Vermilion County, Illinois",74953.0,49063.0,16.322301933264267,18.645391653648737,6.632433429678372
17185,"Wabash County, Illinois",11414.0,49680.0,18.50481125092524,13.870682019486273,4.736454109841503
17187,"Warren County, Illinois",16887.0,59673.0,22.391718877690003,12.245156388501963,8.379821958456974
17189,"Washington County, Illinois",13827.0,67030.0,22.572888488127443,7.49135330046361,5.005546311702718
17191,"Wayne County, Illinois",16250.0,51540.0,15.225399052797755,14.469135802469136,3.9076376554174073
17193,"White County, Illinois",13959.0,51351.0,16.20945134160993,15.27345486883059,3.6021926389976504
17195,"Whiteside County, Illinois",55932.0,59812.0,18.827301878149335,12.141997154219416,4.090500987609984
17197,"Will County, Illinois",696403.0,95751.0,35.369060051369004,6.79048501591076,5.175051008328922
17199,"Williamson County, Illinois",67271.0,54682.0,26.61939520333681,13.918989842857584,4.68949247640908
17201,"Winnebago County, Illinois",285471.0,57779.0,23.256304249454935,15.861484742891111,7.850059305320635
17203,"Woodford County, Illinois",38571.0,76486.0,34.91347747331098,6.1966268146883,3.4748834800621435
18001,"Adams County, Indiana",35685.0,56037.0,14.422941755306686,15.32648212292102,3.0172957959853552
18003,"Allen County, Indiana",381839.0,61456.0,29.88843760420056,12.34460387970982,4.961936523704778
18005,"Bartholomew County, Indiana",81759.0,71183.0,35.21811689127353,11.61579847767337,3.8107441154138195
18007,"Benton County, Indiana",8687.0,56155.0,17.51750042683968,16.709481550677253,4.03661112414926
18009,"Blackford County, Indiana",12139.0,45080.0,14.249007241298761,18.210649307294275,4.598825831702544
18011,"Boone County, Indiana",69839.0,94843.0,49.41417628654655,5.867665418227216,3.152709359605911
18013,"Brown County, Indiana",15444.0,67737.0,27.688671281445217,8.653088042049935,4.9294863501099755
18015,"Carroll County, Indiana",20288.0,56929.0,14.680191603268527,6.468008770181383,3.3707865168539324
18017,"Cass County, Indiana",37918.0,51776.0,13.617379976244301,13.25056249830573,4.4364572716056
18019,"Clark County, Indiana",120185.0,62296.0,22.754712479121928,9.953707614590549,3.947034570250555
18021,"Clay County, Indiana",26397.0,63361.0,16.29734745115162,9.536997308577448,4.737556922585284
18023,"Clinton County, Indiana",33010.0,55582.0,14.938953623322965,10.629322911820353,3.6381574890546955
18025,"Crawford County, Indiana",10511.0,42465.0,11.733046286329387,19.18997107039537,3.252217420968843
18027,"Daviess County, Indiana",33281.0,57083.0,13.681411650954796,10.990858785043873,2.55199107787181
18029,"Dearborn County, Indiana",50494.0,72674.0,24.904878187290592,9.304754826138486,3.121562677792528
18031,"Decatur County, Indiana",26466.0,65000.0,20.8246610789222,10.33089649865333,3.957403943013383
18033,"DeKalb County, Indiana",43059.0,60757.0,18.686747401283064,10.354856110889603,3.931740614334471
18035,"Delaware County, Indiana",112480.0,49321.0,25.44381241671801,20.5684076408896,6.347180528841832
18037,"Dubois County, Indiana",43474.0,65389.0,24.64726631393298,10.250205567954893,2.1557719054242
18039,"Elkhart County, Indiana",206314.0,61182.0,20.019431141847335,11.403526070836948,4.415976619581101
18041,"Fayette County, Indiana",23393.0,48101.0,15.056645145571935,16.9577685088634,4.924105529454283
18043,"Floyd County, Indiana",79594.0,69858.0,30.265525325772856,9.48943481382706,4.124262223409682
18045,"Fountain County, Indiana",16422.0,54475.0,13.034410844629823,11.00776148823457,4.899387576552931
18047,"Franklin County, Indiana",22769.0,69440.0,21.363926067558957,6.934064476186265,2.2516328635269853
18049,"Fulton County, Indiana",20400.0,56885.0,16.29751357530723,14.219102531962898,6.5228504242919945
18051,"Gibson County, Indiana",33017.0,59697.0,18.175750834260292,10.7667463743362,2.8404242350359623
18053,"Grant County, Indiana",66802.0,50009.0,19.556378749548248,18.823606172315923,7.386381359368664
18055,"Greene County, Indiana",30924.0,55470.0,15.719965269844172,12.81908444473572,5.946168634990387
18057,"Hamilton County, Indiana",341616.0,104858.0,60.53403978717036,3.9562943857541604,3.003255836259678
18059,"Hancock County, Indiana",78616.0,79126.0,32.57249180207067,4.813796293916575,3.0060962791675427
18061,"Harrison County, Indiana",39516.0,63586.0,18.773520662341852,8.433271832718328,4.559579939991427
18063,"Hendricks County, Indiana",172100.0,87961.0,39.454400222268525,5.201384984167382,2.6189873951351124
18065,"Henry County, Indiana",48857.0,54154.0,17.546231054614477,13.6511781545915,4.802403512826438
18067,"Howard County, Indiana",83349.0,59238.0,20.84073416222617,11.625577247293963,5.612983770287141
18069,"Huntington County, Indiana",36572.0,56705.0,20.926804000478143,10.52348308877684,2.6197644324724028
18071,"Jackson County, Indiana",45948.0,59504.0,17.535971223021583,13.351687707046288,4.126799606545649
18073,"Jasper County, Indiana",33006.0,69632.0,17.406448155756006,8.120959721531577,4.329141123680718
18075,"Jay County, Indiana",20570.0,48904.0,12.94425466967076,14.74115382717268,4.197080291970803
18077,"Jefferson County, Indiana",33000.0,53784.0,18.41659794261904,13.7764901201211,3.6644418269859966
18079,"Jennings County, Indiana",27619.0,63612.0,15.432522299044704,12.509758727090226,4.240785541482852
18081,"Johnson County, Indiana",159739.0,77977.0,32.823740163757606,7.596860611401677,3.4602076124567476
18083,"Knox County, Indiana",36362.0,51784.0,18.639933856965687,15.080685167352417,3.463755264908003
18085,"Kosciusko County, Indiana",80151.0,66764.0,24.299013114937594,8.944083556234874,3.587049538841875
18087,"LaGrange County, Indiana",40085.0,75624.0,10.428712150413293,5.3223974763406945,3.377110694183865
18089,"Lake County, Indiana",495925.0,62052.0,23.69360259346281,14.749059163088596,7.1238326840202815
18091,"LaPorte County, Indiana",112184.0,60226.0,19.661417023058668,14.32064670176347,5.384038317271625
18093,"Lawrence County, Indiana",45133.0,60041.0,19.761136014545,10.981266324416824,3.874169170536283
18095,"Madison County, Indiana",130037.0,54491.0,19.016049859356905,15.0976866251944,5.751925940312034
18097,"Marion County, Indiana",969542.0,54601.0,32.78647927236592,15.913618220906606,5.597949773406423
18099,"Marshall County, Indiana",46175.0,58296.0,20.533767290480064,11.427879535047552,3.5642592675201854
18101,"Martin County, Indiana",9885.0,57199.0,14.435389988358557,12.443934494628142,2.2344013490725128
18103,"Miami County, Indiana",36100.0,53762.0,14.66354732542924,15.623519658929416,4.822427633179275
18105,"Monroe County, Indiana",140189.0,54096.0,47.420639799355776,21.82553400165607,6.372179438849695
18107,"Montgomery County, Indiana",37967.0,58311.0,20.233854731299363,12.205850010996262,4.097007223942208
18109,"Morgan County, Indiana",71394.0,71882.0,19.10765072513464,8.857403500769713,4.309333631234988
18111,"Newton County, Indiana",13865.0,62306.0,11.732180556951844,11.289019463826662,8.588685916322923
18113,"Noble County, Indiana",47293.0,63292.0,16.311431539841955,7.31881393689037,3.5480464625132
18115,"Ohio County, Indiana",5931.0,63036.0,15.7298277425204,9.963985594237695,1.4334470989761092
18117,"Orange County, Indiana",19752.0,56572.0,13.337694432330279,13.638472243698779,3.1828826910794126
18119,"Owen County, Indiana",21280.0,53831.0,14.0126971660449,14.249376079861777,5.780513609695104
18121,"Parke County, Indiana",16316.0,57156.0,12.973345984645906,15.496060889304314,6.389143031412016
18123,"Perry County, Indiana",19151.0,54387.0,15.56855575868373,10.63233190271817,3.629638192116518
18125,"Pike County, Indiana",12220.0,57283.0,14.163684635807458,10.148929049531459,3.588598901098901
18127,"Porter County, Indiana",172353.0,76736.0,30.250065186854965,10.107867944925573,4.3920678837271225
18129,"Posey County, Indiana",25301.0,69323.0,24.249551971326163,9.329446064139942,3.204925797284496
18131,"Pulaski County, Indiana",12496.0,52098.0,13.096060815480303,11.473410310619613,5.300581771170006
18133,"Putnam County, Indiana",36838.0,64993.0,17.72595703045375,9.750689010675707,2.0678246484698097
18135,"Randolph County, Indiana",24681.0,54912.0,16.210846189808322,12.156846507390998,5.935236826770998
18137,"Ripley County, Indiana",28953.0,64221.0,19.215086646279307,10.18954018954019,4.295566502463054
18139,"Rush County, Indiana",16706.0,58887.0,16.338223804149663,11.450846631745645,6.636838180462341
18141,"St. Joseph County, Indiana",272049.0,58599.0,32.12105512130291,14.445103217808441,4.769667724499703
18143,"Scott County, Indiana",24290.0,45794.0,13.289096126255382,16.58132787165045,4.636896707262066
18145,"Shelby County, Indiana",44825.0,64070.0,18.693961500144614,9.314762977629092,3.3006704486848895
18147,"Spencer County, Indiana",19949.0,59624.0,19.22099915325995,7.398943733495836,3.3300297324083252
18149,"Starke County, Indiana",23275.0,52802.0,11.884148240423544,14.82136693130825,5.74621699139551
18151,"Steuben County, Indiana",34379.0,61698.0,22.94784771702011,10.333027803238618,6.576206294690615
18153,"Sullivan County, Indiana",20814.0,49393.0,12.63298762127802,13.999459897380504,5.580110497237569
18155,"Switzerland County, Indiana",9870.0,56268.0,9.16234247590808,20.553846153846152,4.911810672025005
18157,"Tippecanoe County, Indiana",185961.0,53468.0,40.608391473242754,18.445081410123816,3.886610248689061
18159,"Tipton County, Indiana",15290.0,65983.0,24.766782513261386,10.617760617760617,3.340503606225484
18161,"Union County, Indiana",7098.0,60750.0,19.888009268198495,5.068394528437725,3.789303950550927
18163,"Vanderburgh County, Indiana",179695.0,54044.0,27.224569385765356,15.246784654281631,4.65953708323391
18165,"Vermillion County, Indiana",15477.0,53396.0,16.539557107415234,15.189125295508275,7.451790633608815
18167,"Vigo County, Indiana",106523.0,48552.0,25.073068589957977,19.81117694285511,6.52602561402837
18169,"Wabash County, Indiana",31120.0,59611.0,19.88048183700358,12.374238587365683,3.9329207426632062
18171,"Warren County, Indiana",8430.0,68136.0,18.02980132450331,11.529213753306083,2.6013592688071245
18173,"Warrick County, Indiana",63575.0,85613.0,32.82108575206913,5.639511689140669,3.6099333737129013
18175,"Washington County, Indiana",28025.0,53932.0,12.839366515837103,12.217194570135746,3.746760459089226
18177,"Wayne County, Indiana",66588.0,49952.0,19.444627663082912,16.403730908976517,4.613109286006482
18179,"Wells County, Indiana",28103.0,62802.0,18.035460619771662,7.044098384514627,2.399781838014726
18181,"White County, Indiana",24593.0,60327.0,17.61061946902655,8.642942559069729,5.005869528760691
18183,"Whitley County, Indiana",34048.0,67716.0,23.090226515375207,9.125872041023195,5.027151094441024
19001,"Adair County, Iowa",7439.0,57944.0,19.450757575757578,11.501992579359626,4.690775681341719
19003,"Adams County, Iowa",3697.0,57981.0,22.29299363057325,11.706239646604086,3.900508762012436
19005,"Allamakee County, Iowa",14068.0,59461.0,17.329110043935835,10.506852294974983,3.548112404200965
19007,"Appanoose County, Iowa",12310.0,46900.0,18.879022027447814,19.35774555582862,6.214798990095164
19009,"Audubon County, Iowa",5657.0,54643.0,21.47983172482059,11.310170104958377,1.859504132231405
19011,"Benton County, Iowa",25654.0,72334.0,21.636802786047298,8.493780207590524,2.6012634708286884
19013,"Black Hawk County, Iowa",131396.0,57191.0,29.52939910828482,14.969554517920242,5.155266322416354
19015,"Boone County, Iowa",26721.0,70984.0,25.607565511411668,6.60377358490566,2.0463187003110956
19017,"Bremer County, Iowa",24863.0,76782.0,33.66846493379108,7.416606003511326,3.415178571428571
19019,"Buchanan County, Iowa",20598.0,71024.0,21.427014459056892,8.026477077715127,2.5
19021,"Buena Vista County, Iowa",20723.0,53645.0,21.650351789538085,9.921882925839505,5.877536165953963
19023,"Butler County, Iowa",14421.0,61109.0,19.108657069611517,11.122851507466892,4.713429089387812
19025,"Calhoun County, Iowa",9962.0,60434.0,20.94144335743655,10.666522864538395,2.4180423157405255
19027,"Carroll County, Iowa",20756.0,61157.0,22.137025204117855,8.274613427285182,2.291178062421072
19029,"Cass County, Iowa",13158.0,55395.0,20.95635430038511,13.874487348138977,1.7351598173515983
19031,"Cedar County, Iowa",18494.0,72714.0,21.786475784343587,7.618102640427759,3.4103410341034106
19033,"Cerro Gordo County, Iowa",43185.0,58271.0,23.88989872760322,9.599019353622026,3.366583541147132
19035,"Cherokee County, Iowa",11606.0,59881.0,21.420817754191294,12.089764058896577,2.811179720506987
19037,"Chickasaw County, Iowa",12021.0,67146.0,18.373824929801,6.235722142313224,2.1351227695592496
19039,"Clarke County, Iowa",9736.0,58617.0,14.685095021203079,15.816540722082284,3.3124052825286863
19041,"Clay County, Iowa",16410.0,52307.0,23.857371509870177,12.220843672456576,4.672131147540984
19043,"Clayton County, Iowa",17173.0,58148.0,17.363083164300203,12.176073837415691,2.3650156180276665
19045,"Clinton County, Iowa",46589.0,56345.0,21.28466973128066,12.715394396457228,4.744042365401588
19047,"Crawford County, Iowa",16555.0,55552.0,16.82611142374789,18.060302734375,6.882295719844358
19049,"Dallas County, Iowa",96604.0,93492.0,50.4325917474805,5.6844885312038596,2.8016456710114324
19051,"Davis County, Iowa",9066.0,76755.0,19.145541570643505,9.609375,3.058603782395517
19053,"Decatur County, Iowa",7718.0,52753.0,26.427510082784973,15.299999999999999,4.198266522210184
19055,"Delaware County, Iowa",17508.0,69319.0,18.79817654372151,8.560894112224911,2.0357803824799507
19057,"Des Moines County, Iowa",39069.0,54318.0,21.91921790583998,13.973011140750039,3.8836437866802758
19059,"Dickinson County, Iowa",17536.0,65215.0,31.489459916910295,7.207518883699475,2.4477361067339007
19061,"Dubuque County, Iowa",98687.0,68198.0,32.097250624857985,9.30718213491164,4.057650498538122
19063,"Emmet County, Iowa",9433.0,58357.0,16.337085488287194,12.601249710715113,2.192173734890391
19065,"Fayette County, Iowa",19582.0,50973.0,17.194636805657876,12.191017145261386,2.5994040891811365
19067,"Floyd County, Iowa",15672.0,55827.0,20.340856748042377,11.817535698132712,2.6615019367737096
19069,"Franklin County, Iowa",10056.0,59019.0,18.033956341846196,12.56189994946943,3.452605147520402
19071,"Fremont County, Iowa",6702.0,63611.0,17.973029919932575,8.00121691512017,2.392047219633427
19073,"Greene County, Iowa",8831.0,52768.0,20.511994847850588,11.227184020204339,4.6263345195729535
19075,"Grundy County, Iowa",12336.0,74552.0,25.938407902382338,5.149229255493604,2.7069316225942734
19077,"Guthrie County, Iowa",10599.0,67625.0,20.586680761099366,9.778879146016012,3.6168665939658307
19079,"Hamilton County, Iowa",15073.0,62183.0,24.245567710297998,7.844456404736276,3.803042433947158
19081,"Hancock County, Iowa",10837.0,64730.0,20.32404406999352,10.741784037558686,2.4170212765957446
19083,"Hardin County, Iowa",16997.0,58845.0,19.67466449776332,8.957986303905239,2.880091795754446
19085,"Harrison County, Iowa",14589.0,67950.0,19.31415057154119,8.478351663650285,2.6399575484213322
19087,"Henry County, Iowa",20488.0,58767.0,21.673574389023866,10.254649196956889,4.598737601442742
19089,"Howard County, Iowa",9456.0,60387.0,18.20316168414462,8.22552824493316,1.7930750206100576
19091,"Humboldt County, Iowa",9622.0,60008.0,18.276529245423426,14.281213903181769,3.7360406091370555
19093,"Ida County, Iowa",6979.0,57266.0,19.26351638995317,11.873813348911932,1.5461071231363888
19095,"Iowa County, Iowa",16596.0,64720.0,23.102823102823102,9.258693393631974,3.9065958388667554
19097,"Jackson County, Iowa",19499.0,65541.0,19.342401978613516,11.13017259305469,4.276944751937204
19099,"Jasper County, Iowa",37686.0,63182.0,19.13787256490448,8.77742946708464,4.585268045588856
19101,"Jefferson County, Iowa",15846.0,47950.0,38.25836820083682,14.168159798261332,5.039309189328522
19103,"Johnson County, Iowa",151833.0,67414.0,54.08398810316509,16.70338930369736,3.776177336066043
19105,"Jones County, Iowa",20680.0,63279.0,21.696386195674283,9.894628630172193,3.983833718244804
19107,"Keokuk County, Iowa",10050.0,54233.0,17.022184300341298,12.5,4.473902236951118
19109,"Kossuth County, Iowa",14823.0,59878.0,18.895459748187715,11.484038553558001,3.8623691010471917
19111,"Lee County, Iowa",33724.0,54258.0,19.23381220070789,12.991943698490601,4.840002466243295
19113,"Linn County, Iowa",228567.0,70360.0,34.306324008480274,9.569793354036712,3.898545780542179
19115,"Louisa County, Iowa",10891.0,65867.0,15.30558482613277,10.042774781476659,4.484699261343652
19117,"Lucas County, Iowa",8650.0,55297.0,14.947856315179605,13.922560903848415,3.8964124495129484
19119,"Lyon County, Iowa",11953.0,69113.0,19.31877275091004,4.546994072819644,2.9141845113508293
19121,"Madison County, Iowa",16414.0,79306.0,24.750964731221394,6.664615384615384,2.7440347071583515
19123,"Mahaska County, Iowa",22132.0,60617.0,20.99236641221374,13.034148161970515,3.5447437011294527
19125,"Marion County, Iowa",33381.0,66822.0,30.87976142063169,7.4658353800617165,2.473332551869652
19127,"Marshall County, Iowa",40137.0,63591.0,20.70965797800211,11.86116283881647,5.4916420845624385
19129,"Mills County, Iowa",14658.0,77926.0,28.652900688298917,7.146810571468105,3.2399415748240603
19131,"Mitchell County, Iowa",10526.0,60991.0,21.4703425229741,4.896531623433401,1.2354271793979468
19133,"Monona County, Iowa",8732.0,56107.0,15.044958253050739,13.105945567106648,2.5538894095595124
19135,"Monroe County, Iowa",7589.0,69929.0,19.78723404255319,10.47988236866729,3.194297782470961
19137,"Montgomery County, Iowa",10327.0,56971.0,18.685219366747123,13.474201474201475,4.1230893000804505
19139,"Muscatine County, Iowa",43145.0,61547.0,22.896854425749815,10.452090653963163,3.7023675310033823
19141,"O'Brien County, Iowa",14139.0,62292.0,21.277915632754343,12.547087800637497,2.5347506132461164
19143,"Osceola County, Iowa",6168.0,65242.0,17.03601108033241,11.51375391204085,4.214087972931406
19145,"Page County, Iowa",15250.0,52108.0,17.28516498256282,13.905283867341204,7.050765511684126
19147,"Palo Alto County, Iowa",8996.0,59988.0,23.29278183292782,9.077225888618734,2.8157175877285145
19149,"Plymouth County, Iowa",25543.0,74239.0,23.77667348728442,6.313081337819117,2.3004254705415734
19151,"Pocahontas County, Iowa",7091.0,56350.0,17.12163789642714,10.208483105679367,5.549358616843279
19153,"Polk County, Iowa",488871.0,73015.0,38.02652118092224,10.098818139220075,4.40852206645803
19155,"Pottawattamie County, Iowa",93571.0,63840.0,22.873585024979448,10.871280185826357,3.844627753993944
19157,"Poweshiek County, Iowa",18628.0,56080.0,29.63299718961812,11.995082543027749,5.4659406144046025
19159,"Ringgold County, Iowa",4739.0,57700.0,20.31970488779588,9.444322424774873,1.9317160826594788
19161,"Sac County, Iowa",9829.0,61040.0,18.0786904078116,8.29875518672199,3.2023575638506876
19163,"Scott County, Iowa",174170.0,67675.0,33.578087197793835,11.83451739127884,4.100207661379402
19165,"Shelby County, Iowa",11750.0,62222.0,21.99712299208823,8.109745542669206,3.4807149576669802
19167,"Sioux County, Iowa",35647.0,78179.0,31.057778617659565,5.446166736489317,2.1810028536485935
19169,"Story County, Iowa",98106.0,62578.0,51.08056890182041,19.42100585227338,5.3966560597421225
19171,"Tama County, Iowa",17079.0,59794.0,16.54077253218884,12.821589205397302,4.580152671755725
19173,"Taylor County, Iowa",5932.0,59528.0,17.163814180929098,7.673901897111605,3.2619439868204285
19175,"Union County, Iowa",12193.0,52321.0,22.72562959392698,12.392875147034111,5.9555408095554085
19177,"Van Buren County, Iowa",7196.0,53218.0,16.267563823471203,12.732132808103543,5.517879161528977
19179,"Wapello County, Iowa",35343.0,51222.0,19.09083340271418,15.232995658465992,5.034631278738141
19181,"Warren County, Iowa",51862.0,85189.0,32.30944587327566,5.945384031026348,3.000558893391086
19183,"Washington County, Iowa",22525.0,66908.0,23.616574875426174,7.103529199386226,2.578466100996787
19185,"Wayne County, Iowa",6504.0,53039.0,15.150126060050424,13.556145556770263,2.155319876838864
19187,"Webster County, Iowa",37114.0,56934.0,19.895329791059087,14.279478524036781,3.054697838553154
19189,"Winnebago County, Iowa",10743.0,56578.0,24.065873235538334,7.161251980982568,2.0974049057945257
19191,"Winneshiek County, Iowa",20100.0,65330.0,30.617339990921472,8.23313293253173,2.132701421800948
19193,"Woodbury County, Iowa",105102.0,63061.0,23.33005747639894,13.387194348496381,4.406285436578649
19195,"Worth County, Iowa",7450.0,63795.0,19.988791331963384,7.010365521003818,3.6055923473142015
19197,"Wright County, Iowa",12978.0,55395.0,19.39930516642385,13.131550132957923,2.0411605937921724
20001,"Allen County, Kansas",12557.0,51840.0,18.70847418113999,16.276385224274406,6.024675532767184
20003,"Anderson County, Kansas",7800.0,56315.0,16.446233467510062,12.963205447165116,5.936454849498328
20005,"Atchison County, Kansas",16382.0,52243.0,22.145737043957126,13.94963552021206,4.440710513682189
20007,"Barber County, Kansas",4178.0,52984.0,24.70790378006873,19.623655913978492,2.32670867668444
20009,"Barton County, Kansas",25708.0,50077.0,20.865870463941203,15.531617793736284,3.759283362682796
20011,"Bourbon County, Kansas",14410.0,49951.0,23.544917756221004,13.398504887866592,3.557910673732021
20013,"Brown County, Kansas",9532.0,52314.0,19.083139083139084,14.617194183062447,5.383465071565905
20015,"Butler County, Kansas",67404.0,71651.0,32.263609019155524,9.506290239605905,3.3835400364952215
20017,"Chase County, Kansas",2583.0,49453.0,29.32745314222712,6.72,0.7413509060955519
20019,"Chautauqua County, Kansas",3394.0,46170.0,15.166461159062885,17.921146953405017,8.190883190883191
20021,"Cherokee County, Kansas",19507.0,47298.0,19.63874228796551,12.914630342102527,1.3882618510158014
20023,"Cheyenne County, Kansas",2647.0,45039.0,21.60751565762004,15.801614763552479,2.53766851704996
20025,"Clark County, Kansas",1994.0,55556.0,27.3371104815864,10.0,1.06951871657754
20027,"Clay County, Kansas",8085.0,52716.0,25.80131043031698,7.858942065491184,2.029664324746292
20029,"Cloud County, Kansas",9037.0,53110.0,22.325581395348838,11.411764705882353,4.571554770318021
20031,"Coffey County, Kansas",8361.0,63167.0,22.732686744937894,12.228557563993691,4.305423406279734
20033,"Comanche County, Kansas",1809.0,49333.0,18.140589569160998,6.351039260969977,3.747323340471092
20035,"Cowley County, Kansas",34769.0,51732.0,24.137629519520832,13.707623868691519,5.78656224749829
20037,"Crawford County, Kansas",39018.0,45191.0,30.133071739315874,20.541736362164787,4.044853824589508
20039,"Decatur County, Kansas",2792.0,46733.0,22.309970384995065,13.658176448874123,4.3140028288543135
20041,"Dickinson County, Kansas",18572.0,59400.0,24.4709503655252,8.744579239172202,2.9736618521665252
20043,"Doniphan County, Kansas",7549.0,54792.0,18.708375378405652,15.75642523364486,1.850403961428199
20045,"Douglas County, Kansas",118690.0,62594.0,52.3403036379261,16.502249444414332,4.357211270424428
20047,"Edwards County, Kansas",2911.0,49679.0,18.164435946462714,10.095305330038828,2.414045354791514
20049,"Elk County, Kansas",2466.0,45660.0,17.981961668545658,14.320585842148088,4.965243296921549
20051,"Ellis County, Kansas",28893.0,54858.0,37.41993482413755,15.57433039726766,3.577785688857245
20053,"Ellsworth County, Kansas",6403.0,55318.0,20.80899848583171,10.360441948922297,3.7961335676625656
20055,"Finney County, Kansas",38338.0,61374.0,17.743286741037963,13.164536783655251,5.17748578152579
20057,"Ford County, Kansas",34426.0,59578.0,20.48508367693427,12.260923882328445,3.7237908862175004
20059,"Franklin County, Kansas",25953.0,63996.0,23.019431988041852,8.802411837042326,2.8432885166409525
20061,"Geary County, Kansas",36514.0,54664.0,23.855727711455422,18.131929982551924,3.545444673688783
20063,"Gove County, Kansas",2774.0,53226.0,19.61398017736046,6.470588235294119,3.264996203492786
20065,"Graham County, Kansas",2444.0,44091.0,26.384180790960453,9.211618257261412,4.022082018927445
20067,"Grant County, Kansas",7430.0,60417.0,24.083769633507853,8.651226158038147,2.511078286558346
20069,"Gray County, Kansas",5720.0,70321.0,23.07035032754201,4.6883420154481765,1.789935832489024
20071,"Greeley County, Kansas",1257.0,57281.0,29.316770186335404,11.12012987012987,0.0
20073,"Greenwood County, Kansas",6049.0,46783.0,17.60948905109489,13.44509639564124,2.33502538071066
20075,"Hamilton County, Kansas",2572.0,48333.0,19.447852760736197,7.426127527216174,0.0
20077,"Harper County, Kansas",5525.0,52188.0,16.786570743405278,17.617543207582234,4.154175588865097
20079,"Harvey County, Kansas",34006.0,60653.0,31.993975102999155,9.779749158764147,3.4846765039727585
20081,"Haskell County, Kansas",3803.0,58841.0,15.276048152760483,9.888357256778308,3.1512605042016806
20083,"Hodgeman County, Kansas",1851.0,62902.0,30.21243115656963,10.11608623548922,4.503582395087001
20085,"Jackson County, Kansas",13287.0,62023.0,21.16056338028169,9.788823663947548,3.978576893649579
20087,"Jefferson County, Kansas",18391.0,72270.0,24.59282130451563,6.43989431968296,3.7308805291442746
20089,"Jewell County, Kansas",2927.0,45655.0,19.70534069981584,18.5005206525512,1.2738853503184715
20091,"Johnson County, Kansas",605154.0,96059.0,56.32724773861509,5.146142644829087,3.0727054491213353
20093,"Kearny County, Kansas",4019.0,61406.0,19.207836456558773,15.504073319755602,2.1207177814029365
20095,"Kingman County, Kansas",7495.0,54852.0,22.2430607651913,9.090909090909092,3.537925489145002
20097,"Kiowa County, Kansas",2457.0,61406.0,24.560301507537687,5.013192612137203,3.682946357085669
20099,"Labette County, Kansas",20222.0,51425.0,22.294198995560084,15.92318161197641,3.02713987473904
20101,"Lane County, Kansas",1504.0,44219.0,23.796296296296298,9.786950732356857,0.2364066193853428
20103,"Leavenworth County, Kansas",81601.0,80853.0,34.64016895001895,8.57965602482512,4.872674462278088
20105,"Lincoln County, Kansas",2952.0,48457.0,24.732229795520936,11.825726141078837,2.405498281786942
20107,"Linn County, Kansas",9667.0,52339.0,20.50496205487449,11.818751305074128,4.399092970521542
20109,"Logan County, Kansas",2777.0,62202.0,20.401691331923892,10.265744448489261,0.7534246575342466
20111,"Lyon County, Kansas",32318.0,52591.0,26.6746163417669,14.956867523971395,3.3385439928539524
20113,"McPherson County, Kansas",30059.0,63816.0,29.697772544401925,9.1712359864492,1.5545378313874734
20115,"Marion County, Kansas",11877.0,54679.0,27.552654267766968,8.977354421279655,4.731543624161074
20117,"Marshall County, Kansas",9995.0,58750.0,18.76264816420931,10.182741116751268,2.5486381322957197
20119,"Meade County, Kansas",4089.0,66042.0,22.366412213740457,8.136614766449021,1.6990291262135921
20121,"Miami County, Kansas",33968.0,79211.0,32.79968762202265,6.157539384846212,2.8676263053909117
20123,"Mitchell County, Kansas",5884.0,49250.0,25.902226772459684,12.834880056032219,1.800808526277104
20125,"Montgomery County, Kansas",31679.0,47697.0,20.487963263602207,17.575383415648556,4.48901623686724
20127,"Morris County, Kansas",5377.0,50242.0,25.25354969574036,11.224297302395774,3.2428621783574196
20129,"Morton County, Kansas",2744.0,51447.0,17.22805080066262,12.122342409548676,2.1844660194174756
20131,"Nemaha County, Kansas",10197.0,65177.0,28.114094978000303,8.327430942021653,1.6856134849078792
20133,"Neosho County, Kansas",15926.0,54479.0,20.511605873993368,14.236739974126777,4.739084132055378
20135,"Ness County, Kansas",2717.0,63241.0,21.946060285563192,9.22038980509745,0.6858710562414266
20137,"Norton County, Kansas",5457.0,49326.0,23.29246935201401,6.597756762700683,1.3967699694456568
20139,"Osage County, Kansas",15811.0,61702.0,21.373139779055965,11.367878982941743,3.2584990378447727
20141,"Osborne County, Kansas",3512.0,55551.0,21.48468185388845,13.487419543592743,2.684931506849315
20143,"Ottawa County, Kansas",5778.0,57455.0,21.2481426448737,11.27528583992964,4.129692832764506
20145,"Pawnee County, Kansas",6356.0,50988.0,19.48875255623722,12.419621532243248,1.2600630031501576
20147,"Phillips County, Kansas",5022.0,53919.0,21.45691609977324,14.155158407798538,3.693295865114412
20149,"Pottawatomie County, Kansas",25082.0,76089.0,36.709180452077284,8.240759442536861,2.062443955327301
20151,"Pratt County, Kansas",9266.0,57109.0,32.085205525045765,11.420454545454547,2.928071292170592
20153,"Rawlins County, Kansas",2531.0,58590.0,21.67645488521089,12.213740458015266,0.5759539236861051
20155,"Reno County, Kansas",62071.0,53359.0,20.70007024116132,11.660837092985926,4.18075422626788
20157,"Republic County, Kansas",4707.0,50268.0,26.103818615751788,11.601731601731602,1.0355695632597928
20159,"Rice County, Kansas",9464.0,56379.0,22.501643655489808,10.727707550392894,4.784491647762425
20161,"Riley County, Kansas",72602.0,53296.0,48.1713379732889,22.049302984957077,4.298078665941635
20163,"Rooks County, Kansas",4975.0,55000.0,20.657410031170304,4.783789429705452,1.9567876070118222
20165,"Rush County, Kansas",2883.0,50714.0,20.44465925567907,9.53058321479374,3.3806626098715347
20167,"Russell County, Kansas",6747.0,52108.0,21.55701290459065,15.214761040532366,4.612095296273671
20169,"Saline County, Kansas",54378.0,55175.0,27.812984469769088,11.529380654666339,3.567593779224828
20171,"Scott County, Kansas",5163.0,46583.0,23.943661971830984,9.454905847373638,0.2942258183155572
20173,"Sedgwick County, Kansas",520467.0,60593.0,31.184941576576307,13.200056105790587,5.511704984999364
20175,"Seward County, Kansas",22223.0,51809.0,11.32119333591631,13.848483457991097,3.603523445146365
20177,"Shawnee County, Kansas",179053.0,59848.0,32.27875651923945,12.274339274562715,4.0251910621035885
20179,"Sheridan County, Kansas",2459.0,68952.0,22.847100175746924,6.520841931489889,1.8558172733761598
20181,"Sherman County, Kansas",5965.0,58830.0,21.415270018621975,10.301109350237718,4.123711340206185
20183,"Smith County, Kansas",3588.0,48051.0,21.37433561123766,8.404315729699034,2.4985473561882623
20185,"Stafford County, Kansas",4106.0,54188.0,26.38190954773869,10.318855134320863,3.831041257367387
20187,"Stanton County, Kansas",2088.0,60607.0,14.969135802469136,18.640776699029125,3.611971104231166
20189,"Stevens County, Kansas",5320.0,61267.0,12.2299969577122,14.093701996927804,6.8423122296500205
20191,"Sumner County, Kansas",22603.0,54854.0,25.449298176570906,10.969053535125367,6.308257226249882
20193,"Thomas County, Kansas",7902.0,69844.0,24.14891499104121,7.665551839464883,1.360381861575179
20195,"Trego County, Kansas",2825.0,78529.0,23.756392375639237,7.63302752293578,1.9907100199071004
20197,"Wabaunsee County, Kansas",6881.0,66589.0,24.30599703326976,6.175210518540405,2.1961932650073206
20199,"Wallace County, Kansas",1529.0,56538.0,28.317757009345794,11.51797603195739,0.8241758241758242
20201,"Washington County, Kansas",5531.0,53491.0,22.42094349403836,10.299003322259136,2.3059185242121445
20203,"Wichita County, Kansas",2150.0,63306.0,18.04123711340206,12.916862376702678,5.116279069767442
20205,"Wilson County, Kansas",8713.0,52514.0,18.351063829787233,16.194143040485358,4.335047759000735
20207,"Woodson County, Kansas",3162.0,45234.0,20.42462845010616,12.744156260006404,7.199424046076314
20209,"Wyandotte County, Kansas",168333.0,52366.0,19.26781552171186,17.66767037497821,6.021065302437557
21001,"Adair County, Kentucky",18832.0,46652.0,18.94252143537631,18.233438485804417,6.726895372970334
21003,"Allen County, Kentucky",20604.0,47495.0,17.40385969854909,18.38520922456606,7.546563904945408
21005,"Anderson County, Kentucky",23646.0,59887.0,25.30283465535264,13.708200212992544,5.05795574288725
21007,"Ballard County, Kentucky",7814.0,52695.0,16.105206269140695,14.032803957302786,5.50058207217695
21009,"Barren County, Kentucky",44277.0,44254.0,17.169662773914183,23.587456381577425,6.407028721163233
21011,"Bath County, Kentucky",12680.0,46375.0,14.866793529971456,22.511923688394276,2.8867656027647897
21013,"Bell County, Kentucky",24674.0,32123.0,9.937492765366363,28.300302317769564,9.178926191374325
21015,"Boone County, Kentucky",134599.0,87034.0,33.957481326258154,6.07992909878852,3.4383674380326683
21017,"Bourbon County, Kentucky",20281.0,53277.0,23.068092128865608,13.69080430969682,5.1000513083632635
21019,"Boyd County, Kentucky",48447.0,53077.0,20.60761981846563,17.626485860189675,8.524316631496296
21021,"Boyle County, Kentucky",30469.0,54234.0,26.700387958552273,14.51930080116533,6.184220076939828
21023,"Bracken County, Kentucky",8394.0,63277.0,12.97259798820673,18.411508704061895,4.639175257731959
21025,"Breathitt County, Kentucky",13652.0,32259.0,16.861059954982608,31.298623578695388,9.3969434118133
21027,"Breckinridge County, Kentucky",20345.0,49919.0,14.155446320438841,19.510486010310828,7.724620770128354
21029,"Bullitt County, Kentucky",81729.0,67892.0,16.106265281703575,10.164217804667244,4.715947502156328
21031,"Butler County, Kentucky",12413.0,48355.0,13.813364055299541,18.15686600682026,5.516184638958054
21033,"Caldwell County, Kentucky",12641.0,48280.0,17.13641488162345,14.69931408518105,5.095320623916811
21035,"Calloway County, Kentucky",37291.0,44534.0,31.60704292048732,18.43077656594553,4.561046200021439
21037,"Campbell County, Kentucky",93023.0,65580.0,38.705053904156536,12.220794457790939,4.081509129426006
21039,"Carlisle County, Kentucky",4821.0,42386.0,12.533895751732448,19.66044854328233,3.062869425040301
21041,"Carroll County, Kentucky",10808.0,42433.0,6.611454239191465,24.296042617960424,7.70911980925889
21043,"Carter County, Kentucky",26820.0,40092.0,12.898115269052171,30.224697522565773,5.217958473747147
21045,"Casey County, Kentucky",15863.0,37694.0,11.553133514986376,24.86252183476742,9.71513255392722
21047,"Christian County, Kentucky",72377.0,45913.0,18.315830510952463,16.992029747481673,6.078990475034884
21049,"Clark County, Kentucky",36716.0,59294.0,20.053331272221364,14.13740458015267,4.566313523313126
21051,"Clay County, Kentucky",20484.0,33399.0,11.491675161399932,33.56128628106077,10.242146596858639
21053,"Clinton County, Kentucky",9372.0,35042.0,13.846153846153847,22.864894194248507,4.5753352616355505
21055,"Crittenden County, Kentucky",8997.0,45000.0,12.949866415212949,15.240611002641552,3.10576385002798
21057,"Cumberland County, Kentucky",6023.0,34563.0,13.445185014939096,24.86066542813714,3.8229376257545273
21059,"Daviess County, Kentucky",102488.0,57660.0,25.00944191046164,14.805468985623808,4.2131350681536555
21061,"Edmonson County, Kentucky",12165.0,41533.0,10.15625,16.941941941941945,7.476249483684427
21063,"Elliott County, Kentucky",7414.0,36455.0,8.942202835332607,25.43536503683858,5.21876647337902
21065,"Estill County, Kentucky",14157.0,36336.0,10.612366230677765,25.65639269406393,7.144196512282018
21067,"Fayette County, Kentucky",321354.0,61526.0,45.61292820373106,15.714271828617528,4.887597095718494
21069,"Fleming County, Kentucky",14996.0,48315.0,15.681056574019317,15.549024846379908,8.200697286645445
21071,"Floyd County, Kentucky",36127.0,37360.0,12.615918866658774,28.997205836696676,9.113442948029414
21073,"Franklin County, Kentucky",51319.0,59498.0,29.64902074849719,13.276950469407575,4.7613513094684645
21075,"Fulton County, Kentucky",6507.0,33567.0,13.72937293729373,25.14792899408284,6.672124437167418
21077,"Gallatin County, Kentucky",8694.0,54978.0,10.415950498453077,18.057663125948405,4.297642436149313
21079,"Garrard County, Kentucky",17018.0,58137.0,20.45751633986928,14.464434647920887,4.087850704582963
21081,"Grant County, Kentucky",24918.0,60040.0,15.006281407035177,12.747539912620962,4.222761100426458
21083,"Graves County, Kentucky",36796.0,48187.0,17.972126843062007,18.51821077413101,4.771190055450612
21085,"Grayson County, Kentucky",26351.0,40839.0,11.402381085461965,23.72314668921256,4.390869923916033
21087,"Green County, Kentucky",11141.0,34363.0,13.9125,22.102965253774787,8.641691565157435
21089,"Greenup County, Kentucky",35996.0,55431.0,16.793505834601724,14.760365425158117,5.6224094130231315
21091,"Hancock County, Kentucky",9050.0,61622.0,15.311630950433502,13.066785794058521,5.005988023952096
21093,"Hardin County, Kentucky",110134.0,59863.0,22.59687213015886,11.24732529129797,6.191614564178007
21095,"Harlan County, Kentucky",26921.0,30210.0,9.516480016984238,33.58274146378518,12.636056549480795
21097,"Harrison County, Kentucky",18690.0,53862.0,17.45420963521625,16.8873630864803,3.3252790242779886
21099,"Hart County, Kentucky",19194.0,45342.0,10.563599564066635,21.845333333333333,5.02092050209205
21101,"Henderson County, Kentucky",45102.0,53635.0,18.00938787240157,16.355937990848872,3.2326751838946963
21103,"Henry County, Kentucky",15691.0,52301.0,13.834656702475478,17.412263787119166,5.434782608695652
21105,"Hickman County, Kentucky",4529.0,46321.0,24.35185185185185,20.390997954080472,6.001062134891131
21107,"Hopkins County, Kentucky",45432.0,49495.0,16.45921526505339,20.02891283232816,7.185445650512154
21109,"Jackson County, Kentucky",13029.0,33699.0,9.093882891723911,28.292645000777483,7.187499999999999
21111,"Jefferson County, Kentucky",780449.0,61633.0,34.99148526580779,13.73760853574579,5.252194361917296
21113,"Jessamine County, Kentucky",53016.0,65196.0,29.639321879622255,12.584089486858574,4.62810550089959
21115,"Johnson County, Kentucky",22794.0,41489.0,16.122996320089815,20.51813471502591,6.5968718466195755
21117,"Kenton County, Kentucky",168264.0,68503.0,35.52318435023668,11.886037486085623,4.163985560196748
21119,"Knott County, Kentucky",14506.0,35583.0,16.038110361254464,29.537906137184116,11.349957007738606
21121,"Knox County, Kentucky",30367.0,29206.0,15.290654893303902,34.53555976203353,8.991907283444899
21123,"Larue County, Kentucky",14768.0,53555.0,16.896584530491864,16.13373101199972,2.9504439988541966
21125,"Laurel County, Kentucky",62090.0,46604.0,15.436868274236094,22.15947224541243,5.139990041748057
21127,"Lawrence County, Kentucky",16274.0,37014.0,12.155963302752294,26.100687349061864,5.267593763168985
21129,"Lee County, Kentucky",7263.0,29817.0,7.872980082675686,29.98956625428529,7.449743791880173
21131,"Leslie County, Kentucky",10622.0,34528.0,9.168241965973536,34.58026509572901,7.43713215623328
21133,"Letcher County, Kentucky",21784.0,35278.0,10.278812797121931,31.221634772844244,10.009267840593141
21135,"Lewis County, Kentucky",13103.0,32402.0,8.823850606093698,27.031829419035848,7.980680772769089
21137,"Lincoln County, Kentucky",24314.0,45856.0,13.726541554959788,18.85937303285912,5.913470621575666
21139,"Livingston County, Kentucky",8989.0,51081.0,14.55513307984791,16.778523489932887,6.835181841630127
21141,"Logan County, Kentucky",27319.0,53133.0,16.903895547945204,18.01704966641957,5.364046391752577
21143,"Lyon County, Kentucky",8700.0,55203.0,14.327400058360082,10.06629684751725,3.2357473035439135
21145,"McCracken County, Kentucky",67394.0,53366.0,26.70387282259428,15.084239418892073,3.8816583488273477
21147,"McCreary County, Kentucky",17044.0,33939.0,7.010414020828041,30.040517075053057,6.912011955912573
21149,"McLean County, Kentucky",9182.0,57027.0,17.36349453978159,10.753514938488577,6.104578433825369
21151,"Madison County, Kentucky",92194.0,55002.0,33.387908876448016,16.032001117942983,6.0600283832157755
21153,"Magoffin County, Kentucky",11818.0,29615.0,10.946353224834237,29.03087845351125,11.232799775344004
21155,"Marion County, Kentucky",19556.0,48791.0,14.09572469757307,19.845053635280095,5.630603705917514
21157,"Marshall County, Kentucky",31662.0,58989.0,21.40996700816114,11.71223579600543,3.5261629965304824
21159,"Martin County, Kentucky",11394.0,40826.0,11.814143354544363,22.37590739650775,7.424867413081909
21161,"Mason County, Kentucky",17103.0,48106.0,22.164034124503758,16.28767532079976,3.7112010796221324
21163,"Meade County, Kentucky",29735.0,63944.0,17.34644448750242,13.134409700933306,4.86471524461975
21165,"Menifee County, Kentucky",6149.0,43313.0,11.054579093432007,26.41881888468498,5.432780847145488
21167,"Mercer County, Kentucky",22470.0,53750.0,20.071570068374974,11.993364418938308,5.296549072382967
21169,"Metcalfe County, Kentucky",10275.0,43196.0,13.764557317244282,21.184689560169243,3.3206192506170065
21171,"Monroe County, Kentucky",11269.0,39334.0,14.78963571062083,24.267291910902696,4.367236024844721
21173,"Montgomery County, Kentucky",28084.0,49313.0,16.71987021822178,17.821710215503145,6.764658112717233
21175,"Morgan County, Kentucky",13772.0,41664.0,15.32265985659562,22.287726193400477,4.235683861807856
21177,"Muhlenberg County, Kentucky",31011.0,46124.0,11.954992967651195,15.12585508401408,5.880532342927887
21179,"Nelson County, Kentucky",46440.0,64354.0,20.84000879590362,8.109991073566873,3.7895463766239375
21181,"Nicholas County, Kentucky",7517.0,44306.0,9.215610510046368,19.269282814614343,4.135702746365105
21183,"Ohio County, Kentucky",23861.0,48481.0,14.568323360605689,15.4616668806986,4.524253731343284
21185,"Oldham County, Kentucky",67586.0,109815.0,44.40536087982546,4.203043152905962,3.795471146822498
21187,"Owen County, Kentucky",11160.0,52450.0,18.116314976839938,15.413159561951309,4.0
21189,"Owsley County, Kentucky",4094.0,29340.0,11.52428810720268,27.715736040609134,15.68785197103781
21191,"Pendleton County, Kentucky",14625.0,57619.0,15.950248756218905,18.791852678571427,5.0144927536231885
21193,"Perry County, Kentucky",28421.0,40577.0,14.001414284271139,21.53032005509442,10.61883408071749
21195,"Pike County, Kentucky",58914.0,36910.0,15.725941123145187,25.565720622379317,8.459375605972465
21197,"Powell County, Kentucky",13050.0,39493.0,16.50725779228086,18.561083123425693,7.505863956215794
21199,"Pulaski County, Kentucky",64717.0,42652.0,17.163276525563496,22.950716223890957,5.6239766498184665
21201,"Robertson County, Kentucky",2196.0,53833.0,13.739468567725211,22.929936305732486,8.643326039387308
21203,"Rockcastle County, Kentucky",16167.0,40406.0,12.13913043478261,21.188219578907194,7.2187163306141295
21205,"Rowan County, Kentucky",24654.0,45681.0,25.829383886255926,25.38223474525382,4.0054372451291345
21207,"Russell County, Kentucky",17909.0,41851.0,16.156214551936475,23.03599015849402,6.781002638522428
21209,"Scott County, Kentucky",56267.0,73113.0,29.729583265593675,10.173096670089482,3.240158951193832
21211,"Shelby County, Kentucky",47523.0,73974.0,28.752403919533563,9.389003791795933,3.6856717498893494
21213,"Simpson County, Kentucky",19324.0,53420.0,13.800817711949396,12.472729207683713,4.128440366972478
21215,"Spencer County, Kentucky",19256.0,92973.0,22.37882177479493,6.6075364752807815,5.697520348286958
21217,"Taylor County, Kentucky",25948.0,56890.0,21.794418933239136,14.761904761904763,6.234786022771888
21219,"Todd County, Kentucky",12206.0,54823.0,14.737634948531259,21.50313152400835,3.4196290571870174
21221,"Trigg County, Kentucky",14067.0,53693.0,21.04946322865456,17.412472256032075,4.867109634551495
21223,"Trimble County, Kentucky",8502.0,62125.0,14.737539327703262,14.260014391940512,9.348914858096828
21225,"Union County, Kentucky",13786.0,50533.0,10.124644653400395,18.754176256589204,3.8795142721968143
21227,"Warren County, Kentucky",133216.0,57625.0,32.34251968503937,16.73682786500402,4.682891370898975
21229,"Washington County, Kentucky",11957.0,59049.0,20.7496977025393,13.705452984113354,4.556396148555708
21231,"Wayne County, Kentucky",19743.0,41237.0,15.895501138952165,22.48114084943681,6.070328542094456
21233,"Webster County, Kentucky",12994.0,47051.0,10.007906924206484,16.673254802751206,5.341300018106102
21235,"Whitley County, Kentucky",36578.0,41817.0,19.667458432304038,21.580634911464802,6.582918099515755
21237,"Wolfe County, Kentucky",6666.0,24349.0,6.558098591549295,34.63669950738916,26.738882554161915
21239,"Woodford County, Kentucky",26758.0,72765.0,39.646532679562476,7.339624077315272,2.6204926811852913
22001,"Acadia Parish, Louisiana",58200.0,42368.0,13.613822623584069,23.07772944074637,9.80160138839585
22003,"Allen Parish, Louisiana",23085.0,47660.0,12.132963988919668,18.077375227102703,9.17800118273211
22005,"Ascension Parish, Louisiana",125289.0,86256.0,28.719990200881924,9.771068614973176,4.761606709750105
22007,"Assumption Parish, Louisiana",21366.0,42831.0,10.800857104593545,16.41643059490085,8.155806182121971
22009,"Avoyelles Parish, Louisiana",39880.0,37903.0,12.308085977482088,26.478269236055752,8.041656396351984
22011,"Beauregard Parish, Louisiana",36417.0,57130.0,18.29313391132843,14.09218615260508,8.366333521905839
22013,"Bienville Parish, Louisiana",13130.0,32328.0,12.5,29.09005920847616,5.279099956728689
22015,"Bossier Parish, Louisiana",128508.0,58289.0,26.775559021141376,16.89525639905652,5.417544547340226
22017,"Caddo Parish, Louisiana",239775.0,43153.0,24.004595356723783,22.958444658717784,8.509587611575945
22019,"Calcasieu Parish, Louisiana",212646.0,59470.0,23.796303528192166,16.351508037618633,5.440101492176645
22021,"Caldwell Parish, Louisiana",9707.0,41861.0,12.143281807372176,25.51462621885157,11.516770555060848
22023,"Cameron Parish, Louisiana",5650.0,64525.0,17.135614702154626,8.324420677361854,0.6987577639751553
22025,"Catahoula Parish, Louisiana",9117.0,42232.0,15.473619253316878,29.246753246753247,9.719504240052185
22027,"Claiborne Parish, Louisiana",14456.0,29574.0,12.21921893932333,33.64936525791419,5.230043255996854
22029,"Concordia Parish, Louisiana",18989.0,36157.0,15.484736136309852,30.853203102556737,12.339665530118525
22031,"De Soto Parish, Louisiana",26803.0,45364.0,14.438561056826247,21.088051733213025,8.846543312160545
22033,"East Baton Rouge Parish, Louisiana",455447.0,58167.0,37.51066939895431,17.664366496303057,7.202483148253084
22035,"East Carroll Parish, Louisiana",7502.0,25049.0,10.201612903225806,47.26134585289515,7.790549169859514
22037,"East Feliciana Parish, Louisiana",19588.0,58125.0,15.912840252955732,13.949814691050488,6.238609280807514
22039,"Evangeline Parish, Louisiana",32538.0,32465.0,12.5728947982272,27.03094777562863,13.580792458388569
22041,"Franklin Parish, Louisiana",19964.0,38250.0,14.801821303276853,27.140264730999146,8.78396556362658
22043,"Grant Parish, Louisiana",22236.0,52779.0,11.509481351249528,16.223067173637514,4.322054828352679
22045,"Iberia Parish, Louisiana",70518.0,52278.0,14.451967379783254,22.45170748533977,7.807673937271136
22047,"Iberville Parish, Louisiana",30651.0,52994.0,15.650294334069168,18.854162867874987,8.380520951302378
22049,"Jackson Parish, Louisiana",15214.0,41298.0,12.372661604000742,21.03399433427762,4.5479962721342035
22051,"Jefferson Parish, Louisiana",439402.0,58638.0,28.652747124725742,15.913544271849114,5.955413728066647
22053,"Jefferson Davis Parish, Louisiana",32270.0,45578.0,16.513548626577577,16.944776777281028,5.593881223755249
22055,"Lafayette Parish, Louisiana",241173.0,63311.0,33.92107679697274,16.80204509034178,5.233909427953322
22057,"Lafourche Parish, Louisiana",97677.0,58747.0,17.347076158989932,15.701857118955997,6.106887150045441
22059,"LaSalle Parish, Louisiana",14770.0,52205.0,16.959418534221683,17.041490388183774,6.271721958925751
22061,"Lincoln Parish, Louisiana",48415.0,38458.0,37.60993469973201,28.374734165004057,3.812581972773733
22063,"Livingston Parish, Louisiana",141057.0,71547.0,20.251498287671232,10.657215204360453,4.418748398184861
22065,"Madison Parish, Louisiana",10297.0,36875.0,15.07596990706594,35.02218071445249,10.58926487747958
22067,"Morehouse Parish, Louisiana",25852.0,33758.0,11.475221999427099,30.087325749078676,9.184087680129895
22069,"Natchitoches Parish, Louisiana",37896.0,33965.0,21.624950512470857,26.480625275209157,13.324075910864247
22071,"Orleans Parish, Louisiana",383974.0,45594.0,39.10161011552806,23.840890454233826,8.351333012187984
22073,"Ouachita Parish, Louisiana",160227.0,46021.0,24.8491445157348,24.352759221231576,5.8633688984100045
22075,"Plaquemines Parish, Louisiana",23536.0,69970.0,17.13411856575779,17.451141119116443,4.613841524573721
22077,"Pointe Coupee Parish, Louisiana",20951.0,50431.0,15.2199192831247,19.376445643793367,5.544973544973545
22079,"Rapides Parish, Louisiana",130459.0,49639.0,21.53805344435859,18.775783869059357,6.211757547074136
22081,"Red River Parish, Louisiana",7787.0,41227.0,12.350142721217889,21.849648458626284,3.7825059101654848
22083,"Richland Parish, Louisiana",20110.0,42956.0,15.37063953488372,28.5706825421693,6.158650843222985
22085,"Sabine Parish, Louisiana",22377.0,39975.0,12.751502482362165,21.60289789449853,9.5491043854231
22087,"St. Bernard Parish, Louisiana",43821.0,52538.0,14.66042966042966,21.695508100147276,8.495652596298635
22089,"St. Charles Parish, Louisiana",52411.0,72088.0,28.44673675857965,10.2384318890546,6.57434180490032
22091,"St. Helena Parish, Louisiana",10881.0,40857.0,12.401967300279145,25.210950684417778,26.18603687590636
22093,"St. James Parish, Louisiana",20390.0,56207.0,18.26480786922369,11.966912675219179,5.242195909580194
22095,"St. John the Baptist Parish, Louisiana",42704.0,60743.0,16.017086775400692,14.878350123550657,10.585040730683781
22097,"St. Landry Parish, Louisiana",82999.0,41068.0,14.703374119391919,25.918964076858813,6.415139252558914
22099,"St. Martin Parish, Louisiana",52222.0,46711.0,14.860654809108418,17.279582366589327,6.587731452323971
22101,"St. Mary Parish, Louisiana",49818.0,43097.0,12.162714636140638,20.513709102028336,7.332359455256586
22103,"St. Tammany Parish, Louisiana",262799.0,70986.0,36.41212942044994,11.747494049930598,5.108940646130729
22105,"Tangipahoa Parish, Louisiana",132492.0,50659.0,21.177556080964187,20.06550286283296,5.7965989763909525
22107,"Tensas Parish, Louisiana",4269.0,32962.0,13.360323886639677,37.13546566321731,16.67844522968198
22109,"Terrebonne Parish, Louisiana",110100.0,57940.0,16.537108256280174,17.803187611321835,6.6756398408935675
22111,"Union Parish, Louisiana",21272.0,44192.0,16.626360338573157,23.580067731011127,6.835032437442076
22113,"Vermilion Parish, Louisiana",57775.0,56347.0,17.416901114931747,17.45562130177515,6.438490123215333
22115,"Vernon Parish, Louisiana",49064.0,53215.0,18.563153339103803,17.70630279402209,4.900771297339458
22117,"Washington Parish, Louisiana",45794.0,39168.0,10.663719648920495,24.652315601046496,10.29230356663985
22119,"Webster Parish, Louisiana",37356.0,31197.0,14.420026309680415,26.648532805802837,4.667001218725356
22121,"West Baton Rouge Parish, Louisiana",27064.0,72391.0,20.936948499919783,14.60867569428506,7.7083799716439065
22123,"West Carroll Parish, Louisiana",9959.0,42050.0,11.442210328366844,21.458203692180046,5.09537496733734
22125,"West Feliciana Parish, Louisiana",15334.0,63450.0,22.81856540084388,14.968478446072586,9.479583666933546
22127,"Winn Parish, Louisiana",13875.0,43710.0,14.048672566371682,18.372615974015158,5.091567719863152
23001,"Androscoggin County, Maine",110378.0,59287.0,22.921006040408248,11.943573082381059,4.651364226938068
23003,"Aroostook County, Maine",67272.0,47278.0,20.309055197017678,14.504167688158862,6.1663588347752825
23005,"Cumberland County, Maine",300776.0,80679.0,49.80938483286972,7.832360953035228,3.5151417507235703
23007,"Franklin County, Maine",29487.0,53607.0,28.135957735284496,11.872355430183356,5.108254397834912
23009,"Hancock County, Maine",55417.0,60354.0,35.504271084053045,10.268179378504932,4.1245589393991295
23011,"Kennebec County, Maine",123293.0,58097.0,29.70994971264368,12.007047251655353,4.161875206754777
23013,"Knox County, Maine",40519.0,63399.0,36.29639242148975,9.300110684959716,3.6854196197272593
23015,"Lincoln County, Maine",35065.0,62121.0,37.57014903185045,10.624112241644202,3.78938737261333
23017,"Oxford County, Maine",57807.0,51384.0,21.11318193322749,14.02935805590673,5.652205298491301
23019,"Penobscot County, Maine",152211.0,55125.0,30.008379913990773,13.765401980524613,4.4741175259853865
23021,"Piscataquis County, Maine",16760.0,46948.0,20.28502827046704,15.997559487492374,5.4552968728475
23023,"Sagadahoc County, Maine",36530.0,73343.0,38.246519573988586,11.181167400881058,4.328872668288727
23025,"Somerset County, Maine",50424.0,47488.0,19.879036555472663,17.864914967357137,4.779666897987508
23027,"Waldo County, Maine",39618.0,59880.0,32.8994766532998,13.012308245753784,5.135752347120021
23029,"Washington County, Maine",31003.0,46689.0,23.988946398806913,18.684499451043017,7.386027235050325
23031,"York County, Maine",210486.0,73856.0,32.76418805499674,7.717212462183536,3.463728159649018
24001,"Allegany County, Maryland",68684.0,51090.0,20.168836029442343,14.776233287993895,6.887621180835055
24003,"Anne Arundel County, Maryland",584064.0,108048.0,42.90206893815011,5.637814113445859,4.200226258254122
24005,"Baltimore County, Maryland",850702.0,81846.0,40.429345680706554,9.264407914866757,5.335540697917606
24009,"Calvert County, Maryland",92515.0,120295.0,35.70427304657353,4.321719550532464,2.8402883985143106
24011,"Caroline County, Maryland",33234.0,63027.0,18.993477877666137,12.577829324868759,5.047094366447485
24013,"Carroll County, Maryland",172148.0,104708.0,37.96962696711673,4.980292525406021,3.195957614651515
24015,"Cecil County, Maryland",103370.0,81817.0,25.663975501113583,9.995692355889723,5.343396226415095
24017,"Charles County, Maryland",165209.0,107808.0,31.109273457794394,6.350702199920448,4.781379209337435
24019,"Dorchester County, Maryland",32486.0,55652.0,19.859893415850095,15.007489701660218,5.934959349593496
24021,"Frederick County, Maryland",267498.0,106129.0,42.25332047516767,6.6329599707604565,4.148297406215346
24023,"Garrett County, Maryland",28955.0,58011.0,24.706922218087087,9.109914251293318,4.060559547896463
24025,"Harford County, Maryland",259162.0,98495.0,37.69821454331591,6.771442447790189,4.028527506159667
24027,"Howard County, Maryland",329248.0,129549.0,63.57035800507974,5.503990975857968,3.760945975026347
24029,"Kent County, Maryland",19335.0,64451.0,37.47735999420416,10.829649778986738,3.968838825139488
24031,"Montgomery County, Maryland",1057201.0,117345.0,59.78109267150049,7.043313746311333,4.827264035059713
24033,"Prince George's County, Maryland",957767.0,91124.0,34.921208428317506,9.229790895148318,6.714839099650962
24035,"Queen Anne's County, Maryland",49702.0,99597.0,36.962879640044996,7.169888097660223,3.9387472387584705
24037,"St. Mary's County, Maryland",113209.0,102859.0,33.03296119085593,7.986488444541042,4.2996205246658965
24039,"Somerset County, Maryland",24834.0,48661.0,17.020381169963326,20.421461979084555,9.618623080733038
24041,"Talbot County, Maryland",37510.0,79349.0,40.993047264555095,8.115394985171205,3.583370485956309
24043,"Washington County, Maryland",153956.0,67349.0,22.64114211550941,13.102401324868893,5.18350410248835
24045,"Wicomico County, Maryland",103223.0,63610.0,28.81233363593002,14.3014301430143,7.963837489204535
24047,"Worcester County, Maryland",52322.0,71262.0,30.600983244707535,9.136553970223325,6.811666220710218
24510,"Baltimore city, Maryland",592211.0,54124.0,34.20593452358,20.309624032973222,7.428678152869216
25001,"Barnstable County, Massachusetts",227942.0,82619.0,44.87424208398833,7.236532293175296,4.487923924934781
25003,"Berkshire County, Massachusetts",129089.0,63159.0,36.06855198630641,10.080723911203696,5.341299210843105
25005,"Bristol County, Massachusetts",576070.0,74290.0,29.3267105168909,10.972415734541089,5.67080026724461
25007,"Dukes County, Massachusetts",20277.0,77392.0,46.05296991514528,7.8267363704256905,7.1819304746779595
25009,"Essex County, Massachusetts",804598.0,86684.0,41.188899744409056,9.859510635057617,5.49579850838611
25011,"Franklin County, Massachusetts",71085.0,64949.0,38.84892086330935,10.638024183174686,5.540180669416741
25013,"Hampden County, Massachusetts",466265.0,61310.0,28.21589525351812,15.868409177380393,6.574508027778872
25015,"Hampshire County, Massachusetts",161810.0,76959.0,50.2261494683241,10.540507326523677,5.495440315775147
25017,"Middlesex County, Massachusetts",1623411.0,111790.0,57.765236388079764,7.429873435157439,4.524616749988827
25019,"Nantucket County, Massachusetts",13795.0,116571.0,50.69995105237396,5.981089203254416,7.9703665857708526
25021,"Norfolk County, Massachusetts",720403.0,112089.0,55.53858811134589,6.250658196215052,5.048850349211332
25023,"Plymouth County, Massachusetts",527602.0,98190.0,39.32614343919907,6.5319710043268735,5.084188712796616
25025,"Suffolk County, Massachusetts",792647.0,80260.0,48.14301682444482,17.25991055255438,6.919306304294662
25027,"Worcester County, Massachusetts",856858.0,81660.0,38.056406916133554,9.805796213821889,5.480393614431093
26001,"Alcona County, Michigan",10138.0,46187.0,19.43213130466036,15.735484513494672,7.1215813701597614
26003,"Alger County, Michigan",8911.0,48822.0,17.93971319871232,11.18421052631579,7.0611310885910425
26005,"Allegan County, Michigan",119418.0,70269.0,23.729021795218323,8.904138567113156,3.5453472661661336
26007,"Alpena County, Michigan",28913.0,44864.0,16.804022908227406,14.908693506310373,7.1085348180916785
26009,"Antrim County, Michigan",23427.0,60378.0,29.991503823279526,9.849627299754406,4.653729421502805
26011,"Arenac County, Michigan",15009.0,48989.0,14.337487845841068,13.935032618198937,7.679180887372014
26013,"Baraga County, Michigan",8249.0,45792.0,14.668162872715614,13.496426608026388,4.138809296402419
26015,"Barry County, Michigan",62014.0,68779.0,24.088093599449415,8.621449919158595,5.913026367571822
26017,"Bay County, Michigan",104050.0,52510.0,20.29927308004093,15.386406184826997,5.446773303916161
26019,"Benzie County, Michigan",17926.0,68875.0,32.80536319434212,10.01017984390906,5.196195005945303
26021,"Berrien County, Michigan",154263.0,55893.0,28.98840426811775,15.939923120616092,6.3651743883394065
26023,"Branch County, Michigan",44677.0,56077.0,15.370705244122965,13.024813661666196,5.394659336344001
26025,"Calhoun County, Michigan",134207.0,53286.0,21.803040403930012,15.838661323380954,6.971471168330979
26027,"Cass County, Michigan",51632.0,60725.0,20.913494060665098,12.395450637067146,5.6134032725279885
26029,"Charlevoix County, Michigan",26109.0,63508.0,32.514577635584914,9.002753966099066,4.059943420750822
26031,"Cheboygan County, Michigan",25654.0,53482.0,22.666936873036782,12.51282456001894,7.323367147179213
26033,"Chippewa County, Michigan",37091.0,53079.0,23.375326471040097,17.65766298244577,9.897238647453928
26035,"Clare County, Michigan",30827.0,43069.0,12.058341091457198,23.65895345779648,10.121288163948138
26037,"Clinton County, Michigan",78895.0,76161.0,32.57984808273085,8.45048762671246,3.5595352623399688
26039,"Crawford County, Michigan",13102.0,54240.0,21.2029772681553,15.219580202927736,7.136371890321409
26041,"Delta County, Michigan",36836.0,51117.0,18.750692623102214,12.353330028094529,5.014014325755216
26043,"Dickinson County, Michigan",25954.0,54775.0,23.533735888684696,9.394105659194231,4.927128188141769
26045,"Eaton County, Michigan",108972.0,72173.0,30.250529241399015,7.795563515606052,4.6612188707884
26047,"Emmet County, Michigan",33946.0,63488.0,36.9644944182485,7.75517508799141,4.2797612343732405
26049,"Genesee County, Michigan",406400.0,54052.0,22.23722179366304,16.90057038149086,8.717793656603593
26051,"Gladwin County, Michigan",25344.0,48279.0,14.206142910190442,15.147164393395549,7.435870806937377
26053,"Gogebic County, Michigan",14858.0,41948.0,21.667249825052483,13.555240793201135,5.170068027210884
26055,"Grand Traverse County, Michigan",94562.0,69393.0,38.42314785001317,10.542016761634956,4.243516571543006
26057,"Gratiot County, Michigan",41758.0,53347.0,16.812754503416386,15.22303121600134,5.424123220122999
26059,"Hillsdale County, Michigan",45673.0,54110.0,18.34253438427418,15.39806530723466,4.009831799122849
26061,"Houghton County, Michigan",37485.0,48623.0,33.58185350865302,17.17536311397303,5.694643368662274
26063,"Huron County, Michigan",31542.0,51924.0,16.21459227467811,11.800186082325387,5.1687105937781475
26065,"Ingham County, Michigan",285660.0,58226.0,40.58770772280395,17.471399762177235,6.692005691399664
26067,"Ionia County, Michigan",66564.0,64436.0,16.074631436195812,9.991564941989083,5.004995628824779
26069,"Iosco County, Michigan",25262.0,44334.0,16.095645967166313,13.713139418254764,7.8042459882388115
26071,"Iron County, Michigan",11580.0,45792.0,19.208786282640368,15.273052820053715,4.640171858216971
26073,"Isabella County, Michigan",65623.0,48840.0,30.174366250989166,23.7808255972066,7.2386377121158185
26075,"Jackson County, Michigan",160765.0,57746.0,22.609832915176426,11.986092715231788,5.942079459908378
26077,"Kalamazoo County, Michigan",261280.0,61739.0,40.44296263907108,14.268460190404017,6.6669522503998175
26079,"Kalkaska County, Michigan",17813.0,50363.0,15.901880368335524,15.910633484162895,6.1573546180159635
26081,"Kent County, Michigan",654958.0,69786.0,38.10018840689464,10.449366695641375,4.73728430168681
26083,"Keweenaw County, Michigan",2052.0,54010.0,36.82616596002423,9.81924767953102,4.976303317535545
26085,"Lake County, Michigan",12248.0,40753.0,13.12460468058191,19.41747572815534,7.466007416563659
26087,"Lapeer County, Michigan",88644.0,69194.0,18.642384105960264,9.94100838786985,5.597934787664543
26089,"Leelanau County, Michigan",22251.0,72709.0,47.256044780425874,6.43434068427262,3.9996039996039996
26091,"Lenawee County, Michigan",99346.0,60656.0,21.85345263736105,10.94984850732038,5.353528897978313
26093,"Livingston County, Michigan",193234.0,88908.0,37.8330606520977,5.084648553388289,4.173811379579111
26095,"Luce County, Michigan",5520.0,49667.0,17.899199246349507,16.340595820364605,8.14299900695134
26097,"Mackinac County, Michigan",10814.0,52989.0,24.70128948302378,15.260743376088381,10.11783827712312
26099,"Macomb County, Michigan",879123.0,67828.0,26.149079789069834,10.27800173191197,5.978393395224078
26101,"Manistee County, Michigan",24939.0,54428.0,22.018348623853214,10.88711381598411,6.450378026605416
26103,"Marquette County, Michigan",66380.0,57981.0,34.1084397131129,15.158808068653219,5.835869999692525
26105,"Mason County, Michigan",29103.0,55035.0,23.295696130769596,14.801933711264912,4.408405664687072
26107,"Mecosta County, Michigan",40051.0,48440.0,24.3823506196227,19.11188623557821,5.483709829605372
26109,"Menominee County, Michigan",23477.0,52457.0,17.461406518010293,10.59397742624308,5.657208521170335
26111,"Midland County, Michigan",83467.0,67642.0,35.57692307692308,10.684281017898453,4.970233628495673
26113,"Missaukee County, Michigan",15038.0,50695.0,15.223171889838557,12.036539494895218,7.716901613137625
26115,"Monroe County, Michigan",154068.0,68006.0,21.644922490563275,11.320283926378757,5.291762772077733
26117,"Montcalm County, Michigan",66430.0,54803.0,13.929385455640134,12.744297115565889,4.558853773908274
26119,"Montmorency County, Michigan",9164.0,43913.0,14.336818932306,16.280872743382435,6.387989402413894
26121,"Muskegon County, Michigan",175633.0,57047.0,20.465767497348885,12.97141271818241,7.307645996387718
26123,"Newaygo County, Michigan",49653.0,54235.0,17.12773911543107,15.438718095082768,4.924446842957366
26125,"Oakland County, Michigan",1271983.0,86275.0,48.93755698970423,7.566607938876581,4.846999734970434
26127,"Oceana County, Michigan",26555.0,56454.0,20.268015714977665,13.042316938222612,5.4959674066683295
26129,"Ogemaw County, Michigan",20745.0,44165.0,13.291463727249422,16.985398947937664,8.812729498164016
26131,"Ontonagon County, Michigan",5891.0,44605.0,14.983579638752055,14.719505918682449,6.54076462459696
26133,"Osceola County, Michigan",22917.0,50722.0,15.218333849489005,14.573222316220669,7.837893437564287
26135,"Oscoda County, Michigan",8206.0,45659.0,13.591916558018251,12.424874279406353,9.909326424870466
26137,"Otsego County, Michigan",25016.0,59330.0,26.807868559293617,10.834280149326409,4.794406525719993
26139,"Ottawa County, Michigan",293713.0,77288.0,35.66462743908056,7.620029994296859,3.8605081470945493
26141,"Presque Isle County, Michigan",12976.0,52181.0,19.167729904799295,13.087169899509233,6.700404858299596
26143,"Roscommon County, Michigan",23458.0,46218.0,17.137225655231195,16.77263094156827,6.103342024176346
26145,"Saginaw County, Michigan",190540.0,52749.0,22.325747664973076,17.97608395021557,6.70987767025744
26147,"St. Clair County, Michigan",160067.0,62847.0,19.397287619181032,11.986212566802644,6.936795836912039
26149,"St. Joseph County, Michigan",60828.0,57080.0,16.437120639641176,12.551979825982398,5.002524827470123
26151,"Sanilac County, Michigan",40829.0,52459.0,14.928967011798699,14.877060388335032,6.738817508130299
26153,"Schoolcraft County, Michigan",8004.0,54163.0,18.73072553156955,15.371942719553921,8.579710144927537
26155,"Shiawassee County, Michigan",68203.0,58004.0,18.224579871112123,10.84140471804623,4.2414453218473325
26157,"Tuscola County, Michigan",53288.0,55174.0,14.155013775536727,13.298248971390297,6.614769965814078
26159,"Van Buren County, Michigan",75550.0,61549.0,21.412786563923213,13.694169357972743,5.1536995608583975
26161,"Washtenaw County, Michigan",372428.0,79198.0,57.19525755013185,13.427879489099118,4.697554697554698
26163,"Wayne County, Michigan",1789781.0,52830.0,25.816847637463436,20.503595700183048,9.22914113180473
26165,"Wexford County, Michigan",33552.0,54114.0,20.233546559052076,13.036795949733296,6.695194206714944
27001,"Aitkin County, Minnesota",15747.0,50900.0,17.23799394583981,11.607257753184918,5.58737037610277
27003,"Anoka County, Minnesota",360773.0,88680.0,31.280761193727045,5.877695587461811,3.830603204804234
27005,"Becker County, Minnesota",34995.0,64296.0,25.80550918196995,10.925397472482674,3.6057552280538245
27007,"Beltrami County, Minnesota",46033.0,55910.0,30.41191627545798,16.832200731834813,5.496374541222809
27009,"Benton County, Minnesota",41087.0,65529.0,22.858830478440638,9.450222882615156,3.9061139174359867
27011,"Big Stone County, Minnesota",5155.0,58095.0,20.123093390420124,12.669322709163348,2.380952380952381
27013,"Blue Earth County, Minnesota",68575.0,65000.0,35.54464772670931,16.34183368346802,3.37958818263205
27015,"Brown County, Minnesota",25894.0,62999.0,23.65773708601786,7.988880831520426,2.7909653287296794
27017,"Carlton County, Minnesota",36145.0,68579.0,23.92859951246363,11.81990936997515,4.942502032756417
27019,"Carver County, Minnesota",105694.0,107890.0,49.68861531347985,3.797589348015179,3.036589650499406
27021,"Cass County, Minnesota",29917.0,56487.0,24.252537258846118,12.498304624983046,6.647037173352962
27023,"Chippewa County, Minnesota",12509.0,59051.0,19.240153363541303,11.256608377389183,5.359925210345902
27025,"Chisago County, Minnesota",56328.0,90870.0,22.373253085790065,6.599419951480217,3.4470423726057686
27027,"Clay County, Minnesota",64975.0,67984.0,35.99616229454389,14.05235126006755,3.9650914805253117
27029,"Clearwater County, Minnesota",8525.0,56605.0,17.687661777394307,12.926305747674697,7.985757884028484
27031,"Cook County, Minnesota",5574.0,65045.0,42.39872553482021,9.14027149321267,1.7922336541652837
27033,"Cottonwood County, Minnesota",11484.0,56297.0,22.24212951113386,11.444984533804684,4.190776784148693
27035,"Crow Wing County, Minnesota",65879.0,60810.0,25.881008317988446,10.182490182490183,4.704031586415374
27037,"Dakota County, Minnesota",435863.0,93892.0,43.2036977464741,5.461688952125337,3.9430108871471963
27039,"Dodge County, Minnesota",20798.0,84568.0,28.218361561386928,4.881362511524092,2.729145211122554
27041,"Douglas County, Minnesota",38742.0,69069.0,26.89794592252987,8.14716103577121,3.193920127160739
27043,"Faribault County, Minnesota",13933.0,55186.0,20.233147491130257,11.564426181391253,4.43064182194617
27045,"Fillmore County, Minnesota",21179.0,67195.0,22.37940790835691,9.145723795282427,3.4132758465822333
27047,"Freeborn County, Minnesota",30882.0,59862.0,16.75761709868122,10.541573329819476,4.13558013892462
27049,"Goodhue County, Minnesota",47503.0,71414.0,26.622603310706204,8.700969873830571,3.7098626123450926
27051,"Grant County, Minnesota",6045.0,60781.0,18.549511854951188,7.908463738852431,4.177545691906006
27053,"Hennepin County, Minnesota",1270283.0,85438.0,51.84754722276607,9.883687420950674,4.342049067527168
27055,"Houston County, Minnesota",18806.0,62397.0,25.363887437486003,6.952678667672739,1.5577544822180858
27057,"Hubbard County, Minnesota",21219.0,63122.0,29.50320616620247,10.957263319279416,4.355538037051636
27059,"Isanti County, Minnesota",40604.0,78687.0,18.800769559640873,8.820752372906625,4.529052553663953
27061,"Itasca County, Minnesota",44969.0,58393.0,25.150509890649957,11.098700706633235,6.555138272447934
27063,"Jackson County, Minnesota",10016.0,64134.0,22.127122211309107,9.61518935932582,3.08618742943169
27065,"Kanabec County, Minnesota",16004.0,60982.0,14.828731212862637,9.732205330449716,4.469828656568165
27067,"Kandiyohi County, Minnesota",43504.0,67798.0,25.265866209262434,10.968470057134795,3.374404327480359
27069,"Kittson County, Minnesota",4213.0,60676.0,26.031533042603154,10.189049840412473,3.4211742949607027
27071,"Koochiching County, Minnesota",12203.0,54708.0,16.159530536839817,11.362493715434892,5.271034253408713
27073,"Lac qui Parle County, Minnesota",6753.0,60718.0,19.433693216541048,9.129447388342166,2.358346094946401
27075,"Lake County, Minnesota",10835.0,66828.0,26.023355869698833,7.677146879399343,3.3814514534308877
27077,"Lake of the Woods County, Minnesota",3757.0,55913.0,21.94167852062589,12.574044157242865,5.220228384991843
27079,"Le Sueur County, Minnesota",28567.0,80425.0,23.79862700228833,7.878381241613108,3.718955904713634
27081,"Lincoln County, Minnesota",5655.0,58621.0,21.009036144578314,9.589790337283501,2.127659574468085
27083,"Lyon County, Minnesota",25477.0,62388.0,26.863450328661788,12.278905994104159,3.3727191145677535
27085,"McLeod County, Minnesota",36662.0,67067.0,19.29140064633089,7.2617538444579175,3.3318234435552876
27087,"Mahnomen County, Minnesota",5429.0,48021.0,12.938663411657004,21.06656580937973,9.046126287505597
27089,"Marshall County, Minnesota",9082.0,64239.0,19.262424817980374,7.5260387501399935,2.875329236172081
27091,"Martin County, Minnesota",20070.0,57002.0,21.56258751050126,11.697732997481108,5.429605639169366
27093,"Meeker County, Minnesota",23268.0,67099.0,19.56123158626794,7.716817249356205,2.3797425474254745
27095,"Mille Lacs County, Minnesota",26397.0,61995.0,16.097373759526292,10.987137765380444,5.830296720458095
27097,"Morrison County, Minnesota",33876.0,61873.0,17.86214804433686,9.987422137038813,4.472353242029891
27099,"Mower County, Minnesota",39985.0,60386.0,23.64948222363453,12.68098363167437,3.0342156229825696
27101,"Murray County, Minnesota",8224.0,69250.0,21.262401642148475,6.26699629171817,2.760590195145169
27103,"Nicollet County, Minnesota",34295.0,74317.0,35.21316783594172,9.391692327028215,1.8901032788529029
27105,"Nobles County, Minnesota",22223.0,57101.0,16.635701014720595,11.788079470198676,2.836172526277637
27107,"Norman County, Minnesota",6500.0,58846.0,21.867321867321866,10.307156428119063,5.68880688806888
27109,"Olmsted County, Minnesota",160928.0,84656.0,47.149735371949426,7.609293156501355,3.2331761728242974
27111,"Otter Tail County, Minnesota",59728.0,63587.0,26.83213739560052,8.845158654500885,4.378980891719745
27113,"Pennington County, Minnesota",14063.0,64268.0,19.671960967507527,10.262512620799077,2.9806065339060264
27115,"Pine County, Minnesota",28997.0,59840.0,15.284067037019748,10.54596018735363,6.165745856353591
27117,"Pipestone County, Minnesota",9370.0,58288.0,20.393474088291747,11.466695595573876,3.0646235842771485
27119,"Polk County, Minnesota",31303.0,61643.0,27.00317851890507,11.917613165998873,4.418870803662259
27121,"Pope County, Minnesota",11216.0,67040.0,22.216778934476427,8.017069184674051,1.2195121951219512
27123,"Ramsey County, Minnesota",549377.0,71494.0,43.88955960887961,13.23936412261005,4.831147288791978
27125,"Red Lake County, Minnesota",3921.0,62417.0,17.694272163444,10.115236875800255,1.9908116385911179
27127,"Redwood County, Minnesota",15435.0,59638.0,19.12258807718153,9.849937198386991,2.077506991610068
27129,"Renville County, Minnesota",14768.0,61233.0,15.994937694704051,9.727518546765584,3.3914595633667446
27131,"Rice County, Minnesota",66795.0,71384.0,28.93531028972907,10.222639256163097,5.190341153218184
27133,"Rock County, Minnesota",9718.0,68638.0,25.738916256157633,9.23728813559322,2.2351797862001943
27135,"Roseau County, Minnesota",15321.0,65651.0,20.00956937799043,8.368784897633608,4.4344551087352695
27137,"St. Louis County, Minnesota",200311.0,61213.0,31.198300345333617,13.567191261262668,4.856914499590627
27139,"Scott County, Minnesota",149568.0,109031.0,42.26969953187189,4.638833215968799,3.1862207496854187
27141,"Sherburne County, Minnesota",96295.0,92374.0,25.854352810943304,5.016466588760225,2.684006640841173
27143,"Sibley County, Minnesota",14948.0,67412.0,17.00115785411038,7.954928817218811,3.3879374534623974
27145,"Stearns County, Minnesota",157638.0,68212.0,28.69349616818983,12.791759288663068,4.820253164556962
27147,"Steele County, Minnesota",37363.0,73468.0,27.93930727677153,8.55871741312427,3.8407043821475555
27149,"Stevens County, Minnesota",9669.0,65750.0,28.2852702469349,13.594298478885225,1.9133370849746762
27151,"Swift County, Minnesota",9810.0,53664.0,20.893772893772894,12.227615408447795,3.4212695795548225
27153,"Todd County, Minnesota",25121.0,58021.0,14.557909279300024,13.714632174616007,3.789455428373222
27155,"Traverse County, Minnesota",3362.0,56667.0,14.857386121753938,8.224185196466646,4.152046783625731
27157,"Wabasha County, Minnesota",21425.0,70603.0,26.777481981689498,7.085611917782388,3.7663006177076186
27159,"Wadena County, Minnesota",14009.0,50100.0,16.70058918050348,13.569018629895849,7.064150943396226
27161,"Waseca County, Minnesota",18972.0,66502.0,22.468835512313774,8.07229583633642,3.75251509054326
27163,"Washington County, Minnesota",264818.0,102258.0,47.12060301507538,4.214160497891005,3.250913216736772
27165,"Watonwan County, Minnesota",11223.0,59494.0,18.81018335311964,13.030166591625395,5.852509512592861
27167,"Wilkin County, Minnesota",6495.0,57907.0,22.36492471213463,13.534658112971364,3.9866098600121727
27169,"Winona County, Minnesota",49889.0,61753.0,31.84049079754601,13.441959577261672,2.706073940611898
27171,"Wright County, Minnesota",139890.0,94276.0,31.861529132903364,4.885038801660349,2.4233284364071297
27173,"Yellow Medicine County, Minnesota",9616.0,65014.0,18.154583582983822,9.937691414088077,3.4447406192331353
28001,"Adams County, Mississippi",29927.0,33860.0,17.92853394399122,29.252316155182395,11.90247312767631
28003,"Alcorn County, Mississippi",34964.0,44068.0,19.822570662265317,16.493788091889357,7.062146892655368
28005,"Amite County, Mississippi",12718.0,31367.0,10.603290676416819,30.835049912850575,6.886517943743938
28007,"Attala County, Mississippi",18025.0,36196.0,13.101670961842215,25.926759295719187,7.398630858346499
28009,"Benton County, Mississippi",7687.0,39311.0,9.289716247966744,14.523747048018892,3.9809863339275102
28011,"Bolivar County, Mississippi",31301.0,33729.0,25.463644392110684,33.01279880815331,6.704881014417231
28013,"Calhoun County, Mississippi",13420.0,41142.0,12.384473197781885,20.47874348712527,2.7532650900105895
28015,"Carroll County, Mississippi",10053.0,46147.0,14.692328544320954,16.001641193968613,6.520591341077085
28017,"Chickasaw County, Mississippi",17100.0,38620.0,12.49122191011236,21.901374487581386,2.2839685772475993
28019,"Choctaw County, Mississippi",8264.0,37859.0,18.57118382730855,18.410401079357293,9.648093841642229
28021,"Claiborne County, Mississippi",9115.0,31305.0,21.26777251184834,34.76155894456548,10.621312044429018
28023,"Clarke County, Mississippi",15678.0,40838.0,12.362132352941178,20.16548008466423,6.746031746031746
28025,"Clay County, Mississippi",18768.0,35638.0,19.67289357414154,23.242893359943903,9.545745361484324
28027,"Coahoma County, Mississippi",21839.0,31312.0,18.410528611939213,37.53704313467237,9.509533517208299
28029,"Copiah County, Mississippi",28453.0,46530.0,18.187667560321717,22.0789597937021,5.770221535291087
28031,"Covington County, Mississippi",18491.0,40233.0,15.760065735414955,22.74819197896121,6.028457314028957
28033,"DeSoto County, Mississippi",183220.0,73460.0,26.090209935564328,9.596346770057192,4.261257522307533
28035,"Forrest County, Mississippi",77743.0,45780.0,28.93972179289026,22.998177725372496,6.970713050767538
28037,"Franklin County, Mississippi",7705.0,40479.0,15.873904122365232,22.863135815416886,2.306547619047619
28039,"George County, Mississippi",24260.0,47385.0,13.649217620813173,21.108425560785314,11.348363321049208
28041,"Greene County, Mississippi",13653.0,49581.0,10.834687246141348,15.267017870054747,14.246575342465754
28043,"Grenada County, Mississippi",21621.0,40808.0,20.41541038525963,22.75070290534208,5.19438444924406
28045,"Hancock County, Mississippi",45911.0,58196.0,24.10005733079871,15.651562740231501,7.838817752076737
28047,"Harrison County, Mississippi",207382.0,51590.0,24.46844683021407,17.90470714770739,8.571428571428571
28049,"Hinds County, Mississippi",230772.0,46179.0,30.86581009756358,20.92411551892848,8.641453433466745
28051,"Holmes County, Mississippi",17243.0,24958.0,12.658806324833197,39.21284558734758,12.751331843959443
28053,"Humphreys County, Mississippi",7916.0,30327.0,18.137917712961173,35.378923194692526,13.71280724450194
28055,"Issaquena County, Mississippi",1111.0,17109.0,4.472843450479233,21.12676056338028,8.808290155440414
28057,"Itawamba County, Mississippi",23863.0,53510.0,14.69783635911465,9.85576923076923,2.8248067721751933
28059,"Jackson County, Mississippi",142993.0,55107.0,22.958169868038926,15.19652876909813,8.708993935851538
28061,"Jasper County, Mississippi",16406.0,39992.0,14.938644851502755,19.48699021959771,4.275820535983137
28063,"Jefferson County, Mississippi",7286.0,29205.0,18.05527123848516,30.057462796522767,8.829485621709194
28065,"Jefferson Davis County, Mississippi",11372.0,34771.0,13.868065967016491,21.83795347178893,8.54683336749334
28067,"Jones County, Mississippi",67374.0,43659.0,20.47757690658361,21.719833984670846,3.6484991008438237
28069,"Kemper County, Mississippi",9211.0,37667.0,14.005367326400536,25.28473804100228,12.14534594325535
28071,"Lafayette County, Mississippi",55727.0,54720.0,44.979882674529314,20.589320746654234,2.5540565514692295
28073,"Lamar County, Mississippi",63610.0,63925.0,32.77421168533009,17.573951364890142,7.009008443453969
28075,"Lauderdale County, Mississippi",73756.0,43301.0,20.668991502324836,23.751951184901376,4.550530429927415
28077,"Lawrence County, Mississippi",12055.0,39443.0,14.957055214723928,20.957437982245082,12.466068072666529
28079,"Leake County, Mississippi",21452.0,39660.0,16.423850472603228,22.73335883703137,7.609566311935004
28081,"Lee County, Mississippi",83388.0,60708.0,28.255346750509,13.423422328622294,5.200674206707869
28083,"Leflore County, Mississippi",28555.0,30182.0,18.772603978300182,31.62155232409069,11.915575741383917
28085,"Lincoln County, Mississippi",34910.0,43926.0,16.18855896661634,19.993614118603233,5.303448275862069
28087,"Lowndes County, Mississippi",58904.0,49660.0,25.13803680981595,19.72542847149353,7.723070149691812
28089,"Madison County, Mississippi",108248.0,74688.0,50.2297877067048,10.19000703729768,3.827998361210567
28091,"Marion County, Mississippi",24609.0,34286.0,11.298191337458354,24.432032923193216,9.034431925871328
28093,"Marshall County, Mississippi",34031.0,42968.0,12.85913175547399,20.622250157133877,5.934617471513836
28095,"Monroe County, Mississippi",34448.0,47353.0,16.70839592722417,17.28538283062645,6.317726436311593
28097,"Montgomery County, Mississippi",9948.0,35903.0,18.147666522178877,25.536022761914438,8.765243902439025
28099,"Neshoba County, Mississippi",29153.0,43416.0,12.964478638074972,25.756254143260875,9.178743961352657
28101,"Newton County, Mississippi",21385.0,44530.0,14.652513806211001,24.09476117103236,5.297418630751964
28103,"Noxubee County, Mississippi",10410.0,38999.0,12.185059672904082,27.967924897320557,10.291308500477554
28105,"Oktibbeha County, Mississippi",51339.0,41094.0,44.068554396423245,27.676506164717868,7.4792703150912105
28107,"Panola County, Mississippi",33300.0,39673.0,15.919434055783356,22.009077155824507,7.431315437298276
28109,"Pearl River County, Mississippi",55972.0,53855.0,14.484251147267418,14.487057619186897,6.364986387261777
28111,"Perry County, Mississippi",11611.0,47368.0,9.648682559598495,21.36594774679993,9.225992459525393
28113,"Pike County, Mississippi",40262.0,36308.0,16.303095475842998,31.75069634323972,6.486105775387374
28115,"Pontotoc County, Mississippi",31136.0,52150.0,17.198824681684624,14.493270634019783,2.680965147453083
28117,"Prentiss County, Mississippi",25022.0,46417.0,16.758322985039324,16.523739803388413,4.128398654178413
28119,"Quitman County, Mississippi",6327.0,25783.0,11.237520315765034,34.81145816475158,15.00203832042397
28121,"Rankin County, Mississippi",156052.0,72326.0,31.479699470742812,9.611445164113205,4.382568989477864
28123,"Scott County, Mississippi",28062.0,43022.0,12.205997101772377,22.792578153201934,7.117525773195876
28125,"Sharkey County, Mississippi",4160.0,38977.0,17.005545286506468,27.266028002947678,8.81081081081081
28127,"Simpson County, Mississippi",26064.0,43842.0,16.034395548811332,19.15820029027576,6.8283582089552235
28129,"Smith County, Mississippi",14483.0,51792.0,14.824851952223225,15.617829080036158,4.472618418735693
28131,"Stone County, Mississippi",18356.0,50807.0,14.844649021864212,18.54421381859539,7.398321497740477
28133,"Sunflower County, Mississippi",26295.0,32608.0,16.07562367155163,31.295526656835143,11.332633788037775
28135,"Tallahatchie County, Mississippi",12917.0,31484.0,12.258922633562403,29.11015547469401,13.156419360867128
28137,"Tate County, Mississippi",28123.0,54839.0,18.892137751786876,15.254366853954057,6.973108192620388
28139,"Tippah County, Mississippi",21877.0,41506.0,14.807879040088778,20.641924845557156,6.463120344140175
28141,"Tishomingo County, Mississippi",18945.0,40394.0,12.805379155771385,20.759155306067896,4.571946639036394
28143,"Tunica County, Mississippi",9949.0,41176.0,15.76347074262776,32.37557721908671,13.09931506849315
28145,"Union County, Mississippi",27775.0,50543.0,16.43946770529049,12.314588724078867,5.191891055400805
28147,"Walthall County, Mississippi",13981.0,34605.0,18.0095818815331,25.64232101616628,9.623051830373324
28149,"Warren County, Mississippi",45141.0,50686.0,24.239853843142374,19.025662940554643,6.5556256980527365
28151,"Washington County, Mississippi",45616.0,34399.0,20.619797412496236,30.368029905211163,9.862457017818068
28153,"Wayne County, Mississippi",19824.0,34766.0,21.035371281330523,17.9586038961039,7.051055300082537
28155,"Webster County, Mississippi",9938.0,53363.0,17.653245192307693,16.45299145299145,7.645687645687646
28157,"Wilkinson County, Mississippi",8706.0,31412.0,13.449740443605474,21.36411889596603,6.666666666666667
28159,"Winston County, Mississippi",17846.0,39725.0,15.849330537183418,25.386300738007378,7.987668161434977
28161,"Yalobusha County, Mississippi",12586.0,44348.0,11.402242700122127,21.92868719611021,4.650330888928635
28163,"Yazoo County, Mississippi",27924.0,40037.0,11.785895484525621,26.991502920870953,9.243169684915733
29001,"Adair County, Missouri",25339.0,46639.0,32.98276365761028,22.919663484590906,5.143638850889193
29003,"Andrew County, Missouri",18023.0,63769.0,27.274906127666377,7.448306946870247,4.612365063788027
29005,"Atchison County, Missouri",5312.0,53867.0,20.658605608438386,11.680092059838895,3.049698795180723
29007,"Audrain County, Missouri",25223.0,47178.0,15.138666055466421,16.77481881004551,4.673609347218695
29009,"Barry County, Missouri",34648.0,49574.0,14.911164909113289,17.933229218846687,3.0752986207351682
29011,"Barton County, Missouri",11712.0,45113.0,19.509462151394423,22.113469034213946,6.5756097560975615
29013,"Bates County, Missouri",16100.0,52093.0,13.98481287289821,16.680466212343163,5.941378399788751
29015,"Benton County, Missouri",19351.0,45533.0,14.276170752889305,18.43522828303959,7.288864981172674
29017,"Bollinger County, Missouri",10758.0,51250.0,11.915554979924881,13.915492957746478,4.6003330557868445
29019,"Boone County, Missouri",182170.0,62653.0,48.50563095581865,16.810748338630454,3.8274707699643375
29021,"Buchanan County, Missouri",85545.0,54073.0,22.134905042567123,15.863773150979865,4.827950280750588
29023,"Butler County, Missouri",42314.0,44842.0,13.106348066864937,21.265822784810126,6.5917276001309615
29025,"Caldwell County, Missouri",8856.0,54321.0,14.949225903113033,17.22972972972973,3.7444357161560617
29027,"Callaway County, Missouri",44449.0,63791.0,24.02313120752744,10.021174964298025,5.29095583080159
29029,"Camden County, Missouri",43053.0,55717.0,22.403969858481897,13.320413131337006,5.131176904435781
29031,"Cape Girardeau County, Missouri",81086.0,59252.0,32.753667598728306,14.446688362640048,3.8276605319879677
29033,"Carroll County, Missouri",8564.0,54967.0,19.645544223374017,10.23156899810964,4.872506942691239
29035,"Carter County, Missouri",5365.0,42378.0,13.171529860921735,21.957268218237314,1.7699115044247788
29037,"Cass County, Missouri",106966.0,76924.0,27.219816102632766,7.682334793841263,4.664179104477612
29039,"Cedar County, Missouri",14184.0,41211.0,15.436309948070463,18.459779968566938,3.797702852908485
29041,"Chariton County, Missouri",7432.0,56758.0,19.24990432453119,13.167408231368185,4.690318701142513
29043,"Christian County, Missouri",87824.0,69212.0,31.466783748184675,9.349991363924232,3.048752987868128
29045,"Clark County, Missouri",6649.0,45965.0,12.311392958670456,13.194338761223559,1.697171381031614
29047,"Clay County, Missouri",250134.0,75596.0,34.1594618295676,8.169047099428536,4.197491619465957
29049,"Clinton County, Missouri",21095.0,63876.0,21.276305001366495,9.884878807014136,4.169569111354363
29051,"Cole County, Missouri",77412.0,64715.0,35.308734236338154,9.497552389857544,3.2387438516836924
29053,"Cooper County, Missouri",17397.0,55711.0,23.27506122793683,13.022345663426336,5.24157375368448
29055,"Crawford County, Missouri",23204.0,46643.0,11.999754103399521,16.53501843075303,7.6844051777275535
29057,"Dade County, Missouri",7584.0,43661.0,13.830755232029118,17.54433100483611,8.385556550283498
29059,"Dallas County, Missouri",16946.0,44948.0,13.042362002567396,21.122546673049307,4.9506431349087645
29061,"Daviess County, Missouri",8427.0,55750.0,20.01787310098302,12.414717348927876,2.0971595434032384
29063,"DeKalb County, Missouri",11639.0,59462.0,15.33426834969612,10.330247971660382,2.0219244823386116
29065,"Dent County, Missouri",14585.0,45700.0,15.59427625815244,16.87617195638586,4.560517595076535
29067,"Douglas County, Missouri",11808.0,45125.0,13.199527744982289,21.329568788501028,7.3791902481497615
29069,"Dunklin County, Missouri",28592.0,42194.0,13.86861313868613,22.08002300751339,6.988366377191545
29071,"Franklin County, Missouri",104331.0,65263.0,21.139119996688606,9.30580374485277,4.5070100579091745
29073,"Gasconade County, Missouri",14803.0,58956.0,18.101360163964973,10.194408188500379,2.5195365130692533
29075,"Gentry County, Missouri",6231.0,47746.0,19.853980216674515,15.152013147082991,3.7843627275972866
29077,"Greene County, Missouri",296875.0,50682.0,31.84560206357199,14.91276329575678,4.034112814240705
29079,"Grundy County, Missouri",9901.0,49621.0,16.24886741165811,16.079616506877866,4.0691066151398045
29081,"Harrison County, Missouri",8229.0,45313.0,16.634189548272808,16.600741656365884,2.6606283611661476
29083,"Henry County, Missouri",21884.0,49682.0,15.661186104535856,15.109150023223409,5.702238731051099
29085,"Hickory County, Missouri",8429.0,32132.0,9.83858570330515,15.421513370907784,7.809788267962513
29087,"Holt County, Missouri",4295.0,52500.0,20.86376627500794,10.638297872340425,3.315455875182838
29089,"Howard County, Missouri",10147.0,58596.0,27.720521370112156,9.7620565115785,4.368825466520308
29091,"Howell County, Missouri",39753.0,43200.0,18.202238915893357,23.460485583442065,5.182318437443309
29093,"Iron County, Missouri",9606.0,44717.0,15.557163531114327,21.707685664939554,3.3012737197816477
29095,"Jackson County, Missouri",713229.0,60800.0,32.39707769769967,13.418940701376666,5.009630869304367
29097,"Jasper County, Missouri",122059.0,51876.0,23.93427953568144,17.858722779136443,4.0952540667449275
29099,"Jefferson County, Missouri",225913.0,71285.0,22.099595373880906,8.721269135226754,4.1863775275254325
29101,"Johnson County, Missouri",53889.0,59952.0,29.15059136044526,11.815585310024915,4.081985344946772
29103,"Knox County, Missouri",3782.0,40814.0,15.369018653690187,14.26655939930276,2.932551319648094
29105,"Laclede County, Missouri",35898.0,46968.0,16.677677760343546,15.732874199102431,5.899149453219927
29107,"Lafayette County, Missouri",32752.0,70969.0,21.473120168657765,10.273526033096338,2.603712470412358
29109,"Lawrence County, Missouri",38123.0,46923.0,15.305637041148021,16.204321152307283,7.044245784768586
29111,"Lewis County, Missouri",10031.0,46250.0,12.722028237437378,18.874851527912753,6.954971020954079
29113,"Lincoln County, Missouri",58689.0,76622.0,18.75461231137237,10.685207367671822,3.250880950735853
29115,"Linn County, Missouri",11962.0,54245.0,19.083597367779674,15.546716316858497,2.96767355590885
29117,"Livingston County, Missouri",15001.0,54309.0,19.980988593155892,11.144905496415381,3.273809523809524
29119,"McDonald County, Missouri",23267.0,43086.0,10.926854351459056,18.0875075961455,6.139469453376205
29121,"Macon County, Missouri",15222.0,48583.0,17.749497655726724,11.128201698655788,3.652355396541443
29123,"Madison County, Missouri",12597.0,50529.0,15.706447187928669,11.623765581997732,4.917137133491167
29125,"Maries County, Missouri",8457.0,50434.0,17.032151690024733,15.830851697438952,5.2752880921895
29127,"Marion County, Missouri",28564.0,56213.0,24.297366096940102,17.764917036006008,3.8079835330441814
29129,"Mercer County, Missouri",3561.0,52105.0,18.36818368183682,13.53512278697887,4.174454828660436
29131,"Miller County, Missouri",24643.0,47288.0,19.677533247028364,14.85549132947977,5.673520772135963
29133,"Mississippi County, Missouri",12976.0,39127.0,13.354444201790782,23.415785333449872,6.2659303313508925
29135,"Moniteau County, Missouri",15723.0,58900.0,18.29972545678311,11.483485983902304,4.173331394503417
29137,"Monroe County, Missouri",8643.0,46441.0,15.810211787883762,15.385518131674687,1.7062116768861637
29139,"Montgomery County, Missouri",11384.0,54390.0,16.392009987515603,15.228793633568458,2.9732781332329696
29141,"Morgan County, Missouri",20883.0,46078.0,13.109506946336147,20.031321881270493,4.615579160343955
29143,"New Madrid County, Missouri",16658.0,42370.0,13.70637890523018,19.57981640071468,4.523424878836833
29145,"Newton County, Missouri",58634.0,55820.0,22.52521198133561,14.697766439318999,4.722587992455248
29147,"Nodaway County, Missouri",21571.0,47669.0,27.026130236416424,20.73483795058295,2.4392480513525907
29149,"Oregon County, Missouri",8891.0,35972.0,14.228424767404555,25.399195864445723,5.462555066079295
29151,"Osage County, Missouri",13372.0,67088.0,21.72625575784163,8.151759865914977,1.3949433304272014
29153,"Ozark County, Missouri",8664.0,36402.0,11.867794004611836,21.86144648927441,6.832097969706735
29155,"Pemiscot County, Missouri",15949.0,35865.0,11.739462139996187,27.497615262321144,11.156022635408245
29157,"Perry County, Missouri",19007.0,56832.0,19.24904214559387,9.45750548920902,4.633204633204633
29159,"Pettis County, Missouri",42919.0,51936.0,18.25811001410437,16.060972429651756,4.292990540868299
29161,"Phelps County, Missouri",44692.0,48124.0,31.214017521902377,18.80961556990076,4.974871820904615
29163,"Pike County, Missouri",18052.0,47382.0,14.872328503962217,16.50963998252948,3.834355828220859
29165,"Platte County, Missouri",105189.0,85031.0,44.37471363314497,5.979201107223867,3.808580407159448
29167,"Polk County, Missouri",31541.0,50890.0,21.640874478015228,15.872750943018326,3.3841064167068717
29169,"Pulaski County, Missouri",53460.0,59252.0,29.08253512665621,14.556097116567212,3.6104888654631706
29171,"Putnam County, Missouri",4715.0,46161.0,18.684210526315788,12.112676056338028,5.405405405405405
29173,"Ralls County, Missouri",10318.0,58829.0,14.488597569302197,12.74748853993953,5.143202904396934
29175,"Randolph County, Missouri",24880.0,51403.0,18.212094653812443,16.18108862526169,4.747439680611005
29177,"Ray County, Missouri",23080.0,67643.0,15.439488865454997,10.7804899425917,2.526919069121223
29179,"Reynolds County, Missouri",6138.0,41925.0,13.689044390990595,15.618729096989966,12.607879924953098
29181,"Ripley County, Missouri",11032.0,36089.0,10.33719567764614,21.31419105466593,5.102747633341029
29183,"St. Charles County, Missouri",402377.0,91792.0,41.79190142507892,4.709119516774306,3.225589587759163
29185,"St. Clair County, Missouri",9235.0,40470.0,13.382461311717023,15.086692186444495,3.182885468301591
29186,"Ste. Genevieve County, Missouri",18406.0,62607.0,19.038198143357178,10.150937137170343,4.06097018246551
29187,"St. Francois County, Missouri",67168.0,50015.0,14.584338993011103,16.73840111283856,5.0043652872359
29189,"St. Louis County, Missouri",1001982.0,72562.0,45.291764793839484,9.579933175820166,4.408466111771701
29195,"Saline County, Missouri",23278.0,49705.0,24.422050978067574,13.581207930766059,2.381393624907339
29197,"Schuyler County, Missouri",4094.0,49746.0,9.690493736182756,10.518554927500615,1.4997321906802357
29199,"Scotland County, Missouri",4760.0,48705.0,14.606365159128979,10.94185797039262,1.142263759086189
29201,"Scott County, Missouri",38161.0,50556.0,20.29080530700401,16.36475202091615,4.042766455061811
29203,"Shannon County, Missouri",7185.0,41176.0,15.268358845185043,23.435458109481633,3.5727440147329648
29205,"Shelby County, Missouri",6087.0,46178.0,18.93180734382451,14.366245302357363,1.2363122571529495
29207,"Stoddard County, Missouri",28812.0,46052.0,13.633651551312651,17.233847671387302,5.390985825768435
29209,"Stone County, Missouri",31018.0,54320.0,20.699829613930103,14.35885729193843,9.026972718138959
29211,"Sullivan County, Missouri",6045.0,46964.0,15.11627906976744,15.719178082191782,2.981651376146789
29213,"Taney County, Missouri",55854.0,51031.0,22.30935919925704,14.644576082932248,5.19279637609104
29215,"Texas County, Missouri",24866.0,37994.0,14.822570603882507,19.098392118394678,6.363547088284395
29217,"Vernon County, Missouri",19831.0,49494.0,19.074620095259696,16.082560637016083,4.2480035492457855
29219,"Warren County, Missouri",35033.0,68350.0,19.59077595808754,10.6784028722819,4.901132330572926
29221,"Washington County, Missouri",23791.0,44955.0,12.621711521016026,19.152027473253202,5.77438647143741
29223,"Wayne County, Missouri",11298.0,42257.0,10.730289451374592,23.63914924297044,9.86335403726708
29225,"Webster County, Missouri",38978.0,59325.0,18.33538205321385,14.655787055375107,4.676930254257057
29227,"Worth County, Missouri",2004.0,41847.0,18.349928876244665,15.698267074413863,2.478448275862069
29229,"Wright County, Missouri",18244.0,40179.0,11.671065654899374,19.669930069930068,4.460328806290207
29510,"St. Louis city, Missouri",302787.0,48751.0,38.00766388770619,19.61920389475219,5.930059702208262
30001,"Beaverhead County, Montana",9391.0,51048.0,33.13442211055276,16.48116919617763,2.4637043554773426
30003,"Big Horn County, Montana",13198.0,49640.0,19.448924731182796,28.56701667696109,13.515965166908565
30005,"Blaine County, Montana",7051.0,50847.0,24.68668716008513,25.80181216740975,13.24974584886479
30007,"Broadwater County, Montana",6641.0,60244.0,23.533136344449133,6.890271664896039,8.265460030165912
30009,"Carbon County, Montana",10488.0,63178.0,31.537695944264744,9.723160027008777,4.596024074411818
30011,"Carter County, Montana",1349.0,41447.0,20.83739045764362,14.909638554216867,3.025936599423631
30013,"Cascade County, Montana",84178.0,56377.0,27.72416426562988,12.940302687170496,3.236368813173255
30015,"Chouteau County, Montana",5896.0,48237.0,27.303754266211605,14.5979170223664,5.224429727740986
30017,"Custer County, Montana",11968.0,55426.0,27.96540843753652,12.304906441321032,3.948180135718692
30019,"Daniels County, Montana",1739.0,54722.0,22.290545734050728,10.483401281304602,2.050113895216401
30021,"Dawson County, Montana",9003.0,57684.0,23.183973084569505,9.028504944735312,3.577336641852771
30023,"Deer Lodge County, Montana",9380.0,44809.0,22.506775067750677,22.717049032838506,4.4188722669735325
30025,"Fallon County, Montana",3074.0,83750.0,19.21229586935639,12.787979966611019,0.0
30027,"Fergus County, Montana",11464.0,52941.0,26.38986629134412,14.32905067808708,2.2414671421293937
30029,"Flathead County, Montana",103400.0,63582.0,33.64966175453819,9.198262821451227,3.4291256965708743
30031,"Gallatin County, Montana",116725.0,76208.0,52.21372014106061,10.391966771321586,2.0840017500364594
30033,"Garfield County, Montana",972.0,55000.0,21.492537313432834,8.333333333333332,0.0
30035,"Glacier County, Montana",13827.0,39441.0,21.70717249555424,27.992606284658038,8.018368067820559
30037,"Golden Valley County, Montana",820.0,46607.0,19.26751592356688,15.121951219512194,1.550387596899225
30039,"Granite County, Montana",3333.0,49077.0,32.77040611178126,11.995104039167687,3.6818851251840945
30041,"Hill County, Montana",16297.0,56840.0,26.078780680918452,14.672955974842766,4.3590738584917865
30043,"Jefferson County, Montana",12057.0,72500.0,35.777828467153284,5.585980284775466,3.3391915641476277
30045,"Judith Basin County, Montana",2004.0,51691.0,23.20675105485232,18.063872255489024,2.998965873836608
30047,"Lake County, Montana",31030.0,53154.0,32.54631141803929,19.068266284149445,6.07587646677705
30049,"Lewis and Clark County, Montana",70340.0,66486.0,42.266397578203836,8.483977290877148,3.4992017030335285
30051,"Liberty County, Montana",2026.0,46507.0,22.69503546099291,22.161354581673308,0.0
30053,"Lincoln County, Montana",19674.0,41922.0,19.11415765884524,16.560509554140125,7.297933560031389
30055,"McCone County, Montana",1805.0,63365.0,18.188567186340016,3.543307086614173,2.3404255319148937
30057,"Madison County, Montana",8499.0,56410.0,31.919311776920793,6.962400664215396,2.577710386656558
30059,"Meagher County, Montana",1932.0,51709.0,29.572529782761038,13.548387096774196,1.1822660098522169
30061,"Mineral County, Montana",4490.0,50750.0,25.051154633148204,16.253129979512863,5.148619957537155
30063,"Missoula County, Montana",117379.0,61423.0,44.21657918143894,12.638320118497864,4.681270568450353
30065,"Musselshell County, Montana",4813.0,51153.0,20.852819807427785,13.014414038019636,4.426463588767254
30067,"Park County, Montana",17072.0,58510.0,33.29302395888444,12.581101804883804,2.6124661246612466
30069,"Petroleum County, Montana",434.0,54375.0,28.313253012048197,7.746478873239436,3.11284046692607
30071,"Phillips County, Montana",4233.0,50789.0,19.04445919044459,8.293499043977056,5.193482688391039
30073,"Pondera County, Montana",5974.0,55865.0,22.69071411162564,17.571501969515328,6.742346061231511
30075,"Powder River County, Montana",1759.0,55833.0,25.038520801232668,16.58001155401502,0.91324200913242
30077,"Powell County, Montana",6955.0,53111.0,18.785753829119763,11.857116139891529,2.868369351669941
30079,"Prairie County, Montana",1227.0,44500.0,25.657894736842106,16.4578111946533,3.103448275862069
30081,"Ravalli County, Montana",43790.0,59640.0,28.382747681796,10.789194671092057,5.226209048361934
30083,"Richland County, Montana",11375.0,62530.0,16.242376027578892,7.306097238154063,4.245771487745944
30085,"Roosevelt County, Montana",10884.0,47182.0,19.42215088282504,32.34083293441839,12.650176678445229
30087,"Rosebud County, Montana",8464.0,59339.0,19.310867095797047,19.940227136879855,6.430868167202572
30089,"Sanders County, Montana",12298.0,46848.0,18.975171685155836,16.78916508382195,5.2935943060498225
30091,"Sheridan County, Montana",3522.0,58786.0,25.698543880362063,10.28604449581046,2.4725274725274726
30093,"Silver Bow County, Montana",35017.0,50331.0,27.97011207970112,15.974083345604475,4.637084925066118
30095,"Stillwater County, Montana",8916.0,72906.0,27.95214418893723,5.903560162235241,3.3500455788514127
30097,"Sweet Grass County, Montana",3690.0,59238.0,22.110552763819097,5.18983884184649,2.3887079261672097
30099,"Teton County, Montana",6173.0,60431.0,25.179683756588407,13.94088669950739,2.094240837696335
30101,"Toole County, Montana",5013.0,54137.0,26.14910313901345,8.097165991902834,3.0395136778115504
30103,"Treasure County, Montana",693.0,55313.0,29.326047358834245,9.523809523809524,1.3850415512465373
30105,"Valley County, Montana",7553.0,53667.0,19.073620787045755,12.786929516608156,4.242424242424243
30107,"Wheatland County, Montana",2082.0,38893.0,17.813504823151124,22.351797862001945,1.564537157757497
30109,"Wibaux County, Montana",1018.0,49000.0,24.166666666666668,12.625250501002002,0.0
30111,"Yellowstone County, Montana",163593.0,65656.0,33.67292273076305,10.948791038431725,3.916671529439225
31001,"Adams County, Nebraska",31284.0,57783.0,25.847935993717176,13.135735938026272,2.4161156769449423
31003,"Antelope County, Nebraska",6310.0,55802.0,18.408880666049953,10.825156828052116,2.7984519202143496
31005,"Arthur County, Nebraska",472.0,59375.0,28.125,11.228813559322035,0.425531914893617
31007,"Banner County, Nebraska",605.0,57917.0,27.292110874200425,2.995008319467554,1.5923566878980893
31009,"Blaine County, Nebraska",346.0,49464.0,22.837370242214533,8.670520231213873,1.4354066985645932
31011,"Boone County, Nebraska",5413.0,63668.0,19.530416221985057,6.29580905844766,0.9480337078651686
31013,"Box Butte County, Nebraska",10821.0,63366.0,18.738280203589603,12.360289283366207,3.7479630635524175
31015,"Boyd County, Nebraska",1812.0,54464.0,16.83823529411765,10.573678290213723,1.5384615384615385
31017,"Brown County, Nebraska",2752.0,43942.0,22.482893450635384,7.203234105108416,0.625
31019,"Buffalo County, Nebraska",49840.0,65810.0,34.52798337878198,12.105916251288198,2.6614895870102364
31021,"Burt County, Nebraska",6705.0,55769.0,23.09978768577495,13.47517730496454,4.173512980611239
31023,"Butler County, Nebraska",8354.0,64837.0,23.81533101045296,8.187706220212636,1.12943302462164
31025,"Cass County, Nebraska",26546.0,78251.0,29.76634488810882,5.808537665037146,2.8185134845124833
31027,"Cedar County, Nebraska",8401.0,69490.0,21.743772241992882,5.845816587504567,2.179656538969617
31029,"Chase County, Nebraska",3694.0,55690.0,22.412451361867706,8.143053645116918,3.076062639821029
31031,"Cherry County, Nebraska",5505.0,57719.0,25.808147174770042,7.80532598714417,0.1676727028839705
31033,"Cheyenne County, Nebraska",9575.0,53674.0,22.58064516129032,11.58129175946548,2.807377049180328
31035,"Clay County, Nebraska",6104.0,70690.0,20.033468802295005,8.939292861907939,3.031259867382381
31037,"Colfax County, Nebraska",10608.0,70381.0,15.1272166538165,9.591285907075381,0.974085646020952
31039,"Cuming County, Nebraska",9035.0,63125.0,23.6068237205524,5.809128630705394,3.0403309203722855
31041,"Custer County, Nebraska",10625.0,57715.0,23.456453591386126,12.016021361815755,1.9447473645946927
31043,"Dakota County, Nebraska",21284.0,63053.0,13.78883907868295,11.75910043834572,2.108350902924191
31045,"Dawes County, Nebraska",8383.0,51925.0,36.42969363707777,13.918081379682027,2.2675736961451247
31047,"Dawson County, Nebraska",24031.0,58402.0,16.141479099678456,12.158067502735461,3.3759268023347535
31049,"Deuel County, Nebraska",1878.0,50924.0,19.519300801165333,8.137044967880087,4.4493882091212456
31051,"Dixon County, Nebraska",5632.0,58849.0,21.243386243386244,10.767014764133958,2.45520902455209
31053,"Dodge County, Nebraska",37249.0,60962.0,19.737161342498986,11.02855880240844,4.7710918761080405
31055,"Douglas County, Nebraska",578771.0,70683.0,40.74524195342039,10.705291451943896,4.093134698238394
31057,"Dundy County, Nebraska",1900.0,53696.0,30.398162327718225,13.72863247863248,0.9765625
31059,"Fillmore County, Nebraska",5561.0,66410.0,22.181282240235813,7.060141949943967,1.0624169986719787
31061,"Franklin County, Nebraska",2914.0,52400.0,16.473317865429234,18.114667604642985,1.0204081632653061
31063,"Frontier County, Nebraska",2512.0,59573.0,24.54598711189221,8.882402001668057,5.011746280344558
31065,"Furnas County, Nebraska",4655.0,57284.0,20.967741935483872,9.12672357189757,1.2636899747262005
31067,"Gage County, Nebraska",21706.0,55000.0,20.233155502865046,13.808965031682705,2.142920393163907
31069,"Garden County, Nebraska",1726.0,43478.0,26.506024096385545,6.886403766921719,3.034134007585335
31071,"Garfield County, Nebraska",1889.0,57888.0,29.39898624185373,10.75150850246846,0.0
31073,"Gosper County, Nebraska",1811.0,69886.0,31.002824858757062,5.014084507042253,1.8181818181818181
31075,"Grant County, Nebraska",718.0,56806.0,28.26552462526767,15.751445086705202,0.2840909090909091
31077,"Greeley County, Nebraska",2219.0,48472.0,16.472868217054263,13.528336380255942,1.9175455417066156
31079,"Hall County, Nebraska",62616.0,60720.0,21.73350903801686,11.932879582852781,3.232236499126008
31081,"Hamilton County, Nebraska",9376.0,71211.0,26.340326340326342,2.5807148256127848,4.486166007905138
31083,"Harlan County, Nebraska",3216.0,59432.0,25.336927223719673,7.3362720403022665,2.1642266072565244
31085,"Hayes County, Nebraska",891.0,51389.0,18.808777429467085,13.019079685746352,0.4524886877828055
31087,"Hitchcock County, Nebraska",2630.0,47025.0,18.256130790190735,10.528345545699962,1.9154030327214684
31089,"Holt County, Nebraska",10175.0,60592.0,26.286208387375705,8.622062923138191,1.193139448173005
31091,"Hooker County, Nebraska",714.0,51333.0,26.42706131078224,8.579881656804734,1.8404907975460123
31093,"Howard County, Nebraska",6461.0,64167.0,20.170518285842494,6.376676021203617,5.516431924882629
31095,"Jefferson County, Nebraska",7213.0,51587.0,16.93548387096774,10.652143160277266,1.7005854474491218
31097,"Johnson County, Nebraska",5298.0,53696.0,18.661043753294678,6.701030927835052,1.9952494061757717
31099,"Kearney County, Nebraska",6639.0,68606.0,26.924808644754616,9.237132352941178,1.6732841747022122
31101,"Keith County, Nebraska",8312.0,54303.0,20.164473684210527,13.011197663096397,2.6501337223437877
31103,"Keya Paha County, Nebraska",946.0,54583.0,27.831715210355988,6.13107822410148,0.0
31105,"Kimball County, Nebraska",3583.0,55428.0,12.724434035909447,11.931818181818182,4.40552016985138
31107,"Knox County, Nebraska",8434.0,58043.0,18.833535844471445,10.22906314386135,4.115322018135317
31109,"Lancaster County, Nebraska",320301.0,65086.0,40.1207203145741,12.011406224539678,3.2344624937628206
31111,"Lincoln County, Nebraska",34906.0,61309.0,21.323863401742578,10.983472043136794,3.491341030195382
31113,"Logan County, Nebraska",865.0,60250.0,26.371681415929203,8.554913294797688,0.9324009324009324
31115,"Loup County, Nebraska",665.0,46667.0,18.029350104821802,6.165413533834586,0.0
31117,"McPherson County, Nebraska",475.0,53750.0,23.86058981233244,8.0,0.0
31119,"Madison County, Nebraska",35553.0,55375.0,24.26352900462863,12.04948119887858,3.0583139657722374
31121,"Merrick County, Nebraska",7687.0,57778.0,16.344561016013255,11.05667372881356,1.223091976516634
31123,"Morrill County, Nebraska",4595.0,50859.0,19.59847036328872,7.452999104744852,5.700397702165267
31125,"Nance County, Nebraska",3389.0,55473.0,18.000847098686997,12.853236098450319,4.247990815154994
31127,"Nemaha County, Nebraska",7025.0,53081.0,29.379641764962866,13.707692307692307,5.618631732168851
31129,"Nuckolls County, Nebraska",4125.0,61667.0,22.660915726609158,6.222331529758977,1.956323930846224
31131,"Otoe County, Nebraska",15916.0,70072.0,26.358870596891382,12.159489633173843,3.278688524590164
31133,"Pawnee County, Nebraska",2564.0,51354.0,16.041896361631753,16.805721096543504,3.0664395229982966
31135,"Perkins County, Nebraska",2865.0,57250.0,24.173027989821882,7.936507936507936,1.0460251046025104
31137,"Phelps County, Nebraska",8972.0,61606.0,25.815349667369787,12.16699342636374,0.7405793944674363
31139,"Pierce County, Nebraska",7266.0,62299.0,22.72449602932193,9.443743869973378,2.8600876062870393
31141,"Platte County, Nebraska",34123.0,64105.0,23.538031170907153,7.232881587141544,1.9584045898383626
31143,"Polk County, Nebraska",5223.0,66486.0,18.128978688070855,6.809338521400778,2.7367662945624773
31145,"Red Willow County, Nebraska",10724.0,53387.0,23.62629757785467,11.412048192771085,4.684748150757309
31147,"Richardson County, Nebraska",7893.0,46085.0,19.4317783233953,11.11826848750322,3.8518886679920477
31149,"Rock County, Nebraska",1321.0,55129.0,29.63362068965517,9.920634920634921,1.3254786450662739
31151,"Saline County, Nebraska",14395.0,58011.0,18.220672590259813,12.768797271244253,2.6786898289351546
31153,"Sarpy County, Nebraska",188464.0,88408.0,41.131128735423495,5.553056109004435,2.725714285714286
31155,"Saunders County, Nebraska",22008.0,76485.0,29.070000668583273,6.632606094080824,2.4059897366871374
31157,"Scotts Bluff County, Nebraska",36229.0,56588.0,25.028896961690883,11.963198867657466,3.4691136974037597
31159,"Seward County, Nebraska",17605.0,73892.0,30.54374377996924,7.079809888278501,2.62582056892779
31161,"Sheridan County, Nebraska",5150.0,47901.0,20.050689946493947,12.90195304793845,1.6269841269841272
31163,"Sherman County, Nebraska",2986.0,57579.0,20.469181232750692,9.177755032412147,3.3582089552238807
31165,"Sioux County, Nebraska",1081.0,46769.0,25.49019607843137,10.175763182238667,3.090909090909091
31167,"Stanton County, Nebraska",5877.0,70583.0,20.525912688281846,6.546080964685616,1.0410287813839558
31169,"Thayer County, Nebraska",5053.0,56111.0,22.749218971882986,9.163428103906728,2.7261951797708415
31171,"Thomas County, Nebraska",562.0,51696.0,24.49438202247191,7.295373665480427,0.0
31173,"Thurston County, Nebraska",6806.0,56223.0,18.93296853625171,20.520446096654275,11.26391617550753
31175,"Valley County, Nebraska",4031.0,58015.0,26.289926289926292,9.120685311161502,0.5453644025780863
31177,"Washington County, Nebraska",20699.0,83491.0,33.735025164811795,7.389114382121376,2.311566828566289
31179,"Wayne County, Nebraska",9590.0,60971.0,33.38224504768892,12.782694198623402,2.632974023679095
31181,"Webster County, Nebraska",3442.0,56786.0,19.645068097399918,8.598631359714371,2.559821925431274
31183,"Wheeler County, Nebraska",735.0,51875.0,25.838926174496645,12.51700680272109,0.0
31185,"York County, Nebraska",14164.0,66337.0,25.24566171858666,8.153078202995008,3.759083286752376
32001,"Churchill County, Nevada",25077.0,61776.0,18.899900310795754,9.966886063529701,5.869935861005115
32003,"Clark County, Nevada",2231147.0,64210.0,25.804665436915393,13.602272371833433,7.693837487725092
32005,"Douglas County, Nevada",49158.0,75688.0,31.804895871392034,7.028721268488549,3.7418147801683816
32007,"Elko County, Nevada",53420.0,82462.0,16.320139190952588,11.553982031368966,4.625423606604659
32009,"Esmeralda County, Nevada",987.0,31667.0,19.107551487414188,13.353720693170235,4.878048780487805
32011,"Eureka County, Nevada",1603.0,68307.0,11.067193675889328,18.335419274092615,0.0
32013,"Humboldt County, Nevada",17218.0,70315.0,19.56907253059053,13.405030559473438,4.616272360069244
32015,"Lander County, Nevada",5729.0,92543.0,8.186528497409325,10.939148786493142,10.814606741573034
32017,"Lincoln County, Nevada",4600.0,62164.0,15.18043543095735,5.596646942800789,4.02067777139575
32019,"Lyon County, Nevada",58029.0,63952.0,15.932348942057681,9.612888711994048,8.011181814837974
32021,"Mineral County, Nevada",4552.0,43009.0,13.758389261744966,19.5807314897413,13.062098501070663
32023,"Nye County, Nevada",50096.0,52570.0,12.693077436239545,15.570211038961038,9.538291401714128
32027,"Pershing County, Nevada",6668.0,62841.0,10.370515585179376,9.145088368269626,11.932287365813378
32029,"Storey County, Nevada",4047.0,66713.0,28.270874424720578,12.028769841269842,5.187130663164806
32031,"Washoe County, Nevada",479758.0,74292.0,32.34201411237812,10.94448656994464,4.985767139544083
32033,"White Pine County, Nevada",9192.0,63590.0,13.400576368876079,11.144816671063044,3.768980477223427
32510,"Carson City, Nevada",57957.0,62217.0,23.089091824261164,10.012605798667387,4.548921711393107
33001,"Belknap County, New Hampshire",63395.0,75035.0,31.207034709628445,8.012196290029054,3.633341249109475
33003,"Carroll County, New Hampshire",49961.0,70873.0,37.368796494446144,7.805560625418264,5.7174043962661845
33005,"Cheshire County, New Hampshire",76473.0,69360.0,33.063380281690144,9.774791036072312,3.553981436248168
33007,"Coos County, New Hampshire",31360.0,52054.0,19.98108785922789,10.936434320010912,4.509057495405618
33009,"Grafton County, New Hampshire",91025.0,73755.0,42.56324196656101,9.40115525167983,2.976771220393166
33011,"Hillsborough County, New Hampshire",420504.0,86930.0,39.639245055918686,7.161458017911518,3.9121028887164773
33013,"Merrimack County, New Hampshire",152983.0,82457.0,35.83217267025334,6.9655064304846555,3.6057692307692304
33015,"Rockingham County, New Hampshire",312771.0,101683.0,42.821924741692264,4.906956493694972,3.614113246981822
33017,"Strafford County, New Hampshire",130598.0,76560.0,36.884325550706684,9.175498830671245,3.8665098500441046
33019,"Sullivan County, New Hampshire",43105.0,64587.0,29.58728388176241,12.454272969719856,2.8877414419583096
34001,"Atlantic County, New Jersey",273865.0,66473.0,29.411272569453523,14.003939622303635,8.571791040568352
34003,"Bergen County, New Jersey",952979.0,109497.0,51.230959169089566,6.582056846338732,5.252369279468818
34005,"Burlington County, New Jersey",460102.0,95935.0,39.9508698972316,6.235358164399088,5.1376698328724295
34007,"Camden County, New Jersey",521194.0,75485.0,33.644540209911725,12.250877312362086,7.139356670163682
34009,"Cape May County, New Jersey",95488.0,76237.0,34.97671185262426,9.30227602079959,6.834782608695653
34011,"Cumberland County, New Jersey",154921.0,58397.0,17.04837277682842,15.672811769481656,8.089831602417414
34013,"Essex County, New Jersey",852720.0,67826.0,36.6520323393123,15.270245244583188,8.577479065966195
34015,"Gloucester County, New Jersey",300821.0,93208.0,34.47932475714908,7.1784800815230225,5.576547950583357
34017,"Hudson County, New Jersey",713264.0,79795.0,45.67258640167937,14.376604420818284,5.666118786371108
34019,"Hunterdon County, New Jersey",128807.0,123373.0,54.31947049565573,3.7196795697720018,4.366022748302418
34021,"Mercer County, New Jersey",384951.0,85687.0,43.5994388042213,11.393474463698276,6.261649843998854
34023,"Middlesex County, New Jersey",858770.0,96883.0,44.843306191209194,8.376763054180081,6.141268056092503
34025,"Monmouth County, New Jersey",642160.0,110356.0,48.51291180394201,6.542172218892513,5.59571382394755
34027,"Morris County, New Jersey",508347.0,123727.0,55.75372498638478,5.00354783582015,5.300632631000691
34029,"Ocean County, New Jersey",630057.0,76644.0,32.227508016011065,10.472521210078098,5.709134822144314
34031,"Passaic County, New Jersey",521067.0,78386.0,29.848608247124943,14.581237069661801,7.358900677866195
34033,"Salem County, New Jersey",64752.0,67898.0,23.348677400171795,13.04567645711216,7.591483490639993
34035,"Somerset County, New Jersey",343950.0,121695.0,56.128697457187336,5.110456250863054,5.139236302116309
34037,"Sussex County, New Jersey",144492.0,101645.0,38.1027018244722,5.117914799303628,5.434264117711812
34039,"Union County, New Jersey",571963.0,87369.0,37.589279064332295,8.560892399597968,6.32052066887908
34041,"Warren County, New Jersey",109354.0,85163.0,34.49267250152656,7.787372330547818,5.786024371029651
35001,"Bernalillo County, New Mexico",674919.0,56920.0,36.34891575324761,16.09145601928546,5.504616652685667
35003,"Catron County, New Mexico",3581.0,37623.0,16.87158469945355,22.448402601074356,7.13436385255648
35005,"Chaves County, New Mexico",65014.0,47620.0,16.93951032165146,21.24181436828538,5.426574409047803
35006,"Cibola County, New Mexico",27284.0,47300.0,15.644038294168844,27.860369927018574,8.458961474036851
35007,"Colfax County, New Mexico",12406.0,39483.0,21.792504073872895,19.644970414201183,4.346982340384242
35009,"Curry County, New Mexico",48716.0,51199.0,21.27212020033389,19.503449432783242,7.104574348747351
35011,"De Baca County, New Mexico",1873.0,32750.0,10.657370517928287,17.726293103448278,10.42654028436019
35013,"Doña Ana County, New Mexico",218157.0,47151.0,30.03936300775287,23.197932018400895,7.325234596639267
35015,"Eddy County, New Mexico",61096.0,67759.0,16.89962202886786,14.700087746891608,4.282826874825759
35017,"Grant County, New Mexico",28178.0,39429.0,26.69420674731976,22.067120978969736,9.623511333077218
35019,"Guadalupe County, New Mexico",4465.0,35409.0,8.468208092485549,18.733439321674616,12.239747634069401
35021,"Harding County, New Mexico",533.0,35900.0,25.06203473945409,14.634146341463413,9.293680297397769
35023,"Hidalgo County, New Mexico",4214.0,46097.0,17.97752808988764,22.133138969873663,5.695830886670581
35025,"Lea County, New Mexico",72743.0,62319.0,14.840419403157046,16.75610870061658,7.185072871863106
35027,"Lincoln County, New Mexico",20084.0,47247.0,24.425792179061748,12.6415379195813,6.311543480839957
35028,"Los Alamos County, New Mexico",19169.0,123677.0,68.52028464529381,4.2007123402472235,3.0977189524077726
35029,"Luna County, New Mexico",25282.0,33914.0,12.033501662766351,26.26992731799382,7.444737143511625
35031,"McKinley County, New Mexico",72946.0,40262.0,12.209660390638748,34.03781210208714,10.92327698309493
35033,"Mora County, New Mexico",4232.0,37549.0,17.132764203709154,19.833926453143537,13.052208835341366
35035,"Otero County, New Mexico",67298.0,46949.0,20.125169825608587,18.9331494656345,8.62750635413725
35037,"Quay County, New Mexico",8675.0,33067.0,15.527849740932641,25.520094562647756,4.274533413606261
35039,"Rio Arriba County, New Mexico",40347.0,46994.0,17.723395026026605,22.301118668560182,6.222595951708811
35041,"Roosevelt County, New Mexico",19223.0,47897.0,21.752669039145907,22.76593394454877,7.130565713056572
35043,"Sandoval County, New Mexico",147327.0,68947.0,30.951960784313727,10.284442923155913,6.9314441104909115
35045,"San Juan County, New Mexico",122912.0,47485.0,14.916202512675774,23.49522897612837,8.22972647790166
35047,"San Miguel County, New Mexico",27357.0,36492.0,23.88369152970923,24.864864864864867,7.21205597416577
35049,"Santa Fe County, New Mexico",153632.0,64423.0,41.129326363683724,12.255907857284702,5.243725257587673
35051,"Sierra County, New Mexico",11512.0,35939.0,19.790072162694074,24.975461764968323,5.7909976309555145
35053,"Socorro County, New Mexico",16605.0,38242.0,18.187696286717163,32.258875274897896,4.168157423971378
35055,"Taos County, New Mexico",34322.0,49481.0,32.54954781604772,15.274602895492645,9.914919273799155
35057,"Torrance County, New Mexico",15150.0,44819.0,15.214251324025035,23.899202466322635,11.434108527131782
35059,"Union County, New Mexico",4122.0,37443.0,16.20594333102972,18.2181610508281,8.78972278566599
35061,"Valencia County, New Mexico",75992.0,53752.0,19.359850839030454,16.657663740715734,8.471153846153847
36001,"Albany County, New York",314679.0,73810.0,44.319628866955426,11.713671752096987,4.906101229591986
36003,"Allegany County, New York",46654.0,54375.0,22.372497418301744,16.280580212167138,6.706306657568964
36005,"Bronx County, New York",1468262.0,43726.0,20.93853446622585,26.503968403444816,11.19453266450981
36007,"Broome County, New York",198591.0,53982.0,28.908509782187842,18.740628890831545,7.4845100015007615
36009,"Cattaraugus County, New York",77211.0,53537.0,20.025267286406578,17.270150291490612,5.961882580168716
36011,"Cayuga County, New York",76644.0,59602.0,22.17310042412479,13.481039033199055,4.4502330682752955
36013,"Chautauqua County, New York",128042.0,50408.0,23.334300249910747,17.333507315402304,5.431649739225913
36015,"Chemung County, New York",84456.0,58175.0,23.9146480574381,14.478177656021316,6.132767076191921
36017,"Chenango County, New York",47407.0,55690.0,18.256114769520227,12.206087985371624,7.031725336810083
36019,"Clinton County, New York",80095.0,62470.0,25.38019539959035,12.712226742983242,4.296037481140316
36021,"Columbia County, New York",61587.0,73065.0,34.88470938263734,9.70081747520772,5.93081781168852
36023,"Cortland County, New York",46984.0,62163.0,28.068389985752084,12.769305533057182,5.847576915342851
36025,"Delaware County, New York",44644.0,52757.0,22.983003605295846,15.443205131228336,4.738203288927926
36027,"Dutchess County, New York",296012.0,87112.0,37.673071861016055,8.820585775255035,5.161211623159003
36029,"Erie County, New York",949715.0,62578.0,35.88818298090168,13.786557436241711,5.137129899895377
36031,"Essex County, New York",37501.0,61563.0,30.469640944119984,9.514123646364522,5.436101003418238
36033,"Franklin County, New York",47996.0,55279.0,21.623670018947674,18.398581494097336,6.585426510818204
36035,"Fulton County, New York",53588.0,55240.0,18.248551191242758,14.75359774019926,5.055439249437853
36037,"Genesee County, New York",58387.0,63734.0,21.986612479081998,10.425060610817505,4.92092536923278
36039,"Greene County, New York",48026.0,62810.0,25.614549883733805,10.23006477551932,3.6465452621367787
36041,"Hamilton County, New York",5068.0,62841.0,20.476787954830613,9.703128113169953,2.7137042062415198
36043,"Herkimer County, New York",60596.0,60561.0,21.438370497825936,13.02821042727288,5.389582148472784
36045,"Jefferson County, New York",117634.0,58271.0,24.320928242968666,13.129907563860451,4.799847898230088
36047,"Kings County, New York",2712360.0,67753.0,39.53126032401694,18.794789122535295,7.109105760969303
36049,"Lewis County, New York",26681.0,60049.0,18.818392539485743,11.92587539790814,4.931852202001103
36051,"Livingston County, New York",62253.0,64467.0,28.903109165734946,11.524558792260258,4.82118680447776
36053,"Madison County, New York",68466.0,63312.0,26.247824498828994,8.985360128158359,4.215164868561009
36055,"Monroe County, New York",757332.0,66317.0,39.95436396923089,13.655785125660824,5.337222315058158
36057,"Montgomery County, New York",49539.0,53533.0,19.22964606938442,16.738179802500564,6.405357832825312
36059,"Nassau County, New York",1391678.0,126576.0,47.48185202132001,5.4637118531848925,4.543980460666916
36061,"New York County, New York",1669127.0,93956.0,62.551222787893934,15.55359739335587,6.63600586560429
36063,"Niagara County, New York",212808.0,60834.0,26.31830596619006,12.436358764307315,5.811387101601078
36065,"Oneida County, New York",232034.0,61733.0,26.224658216810436,14.503785627770041,4.694339206238276
36067,"Onondaga County, New York",474621.0,66012.0,36.50410578191243,13.814759777715249,5.922008921858554
36069,"Ontario County, New York",112060.0,70694.0,37.4916728465667,8.542117127478493,4.041463246922918
36071,"Orange County, New York",398277.0,85640.0,31.439960726558663,11.70611592409241,5.343050124422325
36073,"Orleans County, New York",40588.0,54882.0,17.23325479636486,13.968203749110181,6.359317641977974
36075,"Oswego County, New York",118019.0,61983.0,20.825037332005973,16.44111257523416,7.11888984436913
36077,"Otsego County, New York",58952.0,60523.0,33.34677216146752,12.381768079243315,5.642394205108654
36079,"Putnam County, New York",97960.0,111617.0,41.49169939180856,6.049497773635705,4.750136769227867
36081,"Queens County, New York",2393104.0,75886.0,33.923797834385624,11.414754783528863,6.9628150138542635
36083,"Rensselaer County, New York",161125.0,76731.0,34.33509234828496,11.193996228333837,5.3524106188107305
36085,"Richmond County, New York",493194.0,89427.0,34.894842750494355,10.304279753756362,5.450254908889001
36087,"Rockland County, New York",336485.0,99707.0,41.96446931114458,14.8874806195716,5.94126792839258
36089,"St. Lawrence County, New York",108836.0,54351.0,23.56782592988843,17.10557557113215,6.289228695395763
36091,"Saratoga County, New York",235010.0,90800.0,42.65750367523336,6.380854411230788,3.5759720583813293
36093,"Schenectady County, New York",157515.0,69891.0,33.25887544171229,11.970824824994617,6.910145509786443
36095,"Schoharie County, New York",29936.0,64220.0,23.23904345398716,12.069025867198711,5.807697613463926
36097,"Schuyler County, New York",17920.0,56437.0,24.3456678700361,15.802273627057293,5.701804805150017
36099,"Seneca County, New York",33900.0,59086.0,21.46325539641735,11.888337309006511,3.7319548635188804
36101,"Steuben County, New York",94153.0,58652.0,25.474015276321698,12.759246456965087,6.2697588044127075
36103,"Suffolk County, New York",1522998.0,111660.0,38.30640427859716,6.625190575908532,4.77354320825739
36105,"Sullivan County, New York",78230.0,63393.0,27.026245390788805,14.06726590547143,8.039270687237027
36107,"Tioga County, New York",48567.0,64987.0,25.814622913068508,9.284776218965625,5.9313644613100145
36109,"Tompkins County, New York",105638.0,64260.0,55.268069768938666,16.846272987063983,4.703966627634661
36111,"Ulster County, New York",181862.0,71040.0,34.47908938995422,13.169560823226757,5.145762345178214
36113,"Warren County, New York",65692.0,68765.0,33.053340637490614,7.943067741985227,4.194507402937627
36115,"Washington County, New York",61504.0,63869.0,20.587974459028025,11.892684610075914,5.65837126623916
36117,"Wayne County, New York",91332.0,64152.0,24.43846153846154,11.154765593873124,4.060452746967633
36119,"Westchester County, New York",999723.0,105387.0,50.64947429004996,8.205217957338885,6.061516541286605
36121,"Wyoming County, New York",40679.0,60013.0,18.109039319010943,9.243341884636747,4.059504478550102
36123,"Yates County, New York",24808.0,57635.0,24.47129909365559,13.222543352601157,3.2260923513250024
37001,"Alamance County, North Carolina",169185.0,55078.0,26.347537403464276,14.35745955880123,5.074270715265764
37003,"Alexander County, North Carolina",36491.0,55041.0,14.899549308685355,11.545358799920297,4.801670146137787
37005,"Alleghany County, North Carolina",10910.0,38930.0,20.3864964809734,21.45894970414201,4.568527918781726
37007,"Anson County, North Carolina",22388.0,39862.0,11.754046116353184,18.29320825156751,7.260759493670886
37009,"Ashe County, North Carolina",26598.0,43938.0,19.55527131401584,13.955872859150114,5.112712061352545
37011,"Avery County, North Carolina",17747.0,46383.0,23.883666274970622,13.294639808808467,5.71071279699875
37013,"Beaufort County, North Carolina",44898.0,51894.0,20.370710222059092,18.6981234211476,6.726771850738793
37015,"Bertie County, North Carolina",18105.0,37571.0,14.963072378138847,24.046483909415972,7.153965785381026
37017,"Bladen County, North Carolina",30105.0,39259.0,17.703683035714285,24.551019035447634,5.973324605187791
37019,"Brunswick County, North Carolina",133789.0,64400.0,31.672069532534646,10.214430817846663,5.532080408762222
37021,"Buncombe County, North Carolina",266981.0,59699.0,42.28051603361208,10.894769957950952,3.4265189799036317
37023,"Burke County, North Carolina",87829.0,48142.0,18.652623706842828,18.120985950094173,6.10017071821876
37025,"Cabarrus County, North Carolina",221200.0,75765.0,34.76963329381464,9.387835108880472,5.053250594047558
37027,"Caldwell County, North Carolina",80705.0,48549.0,16.592977445937343,13.40190629479667,5.7446864271300155
37029,"Camden County, North Carolina",10353.0,68560.0,23.830023607832246,6.239737274220033,5.698061484237321
37031,"Carteret County, North Carolina",67944.0,61805.0,30.146447157145346,9.744859672820052,4.976709977935768
37033,"Caswell County, North Carolina",22785.0,53279.0,15.122975404919018,17.114031840059237,5.747695966703003
37035,"Catawba County, North Carolina",159852.0,57840.0,23.99452829000063,12.81915673168214,5.814200813262434
37037,"Chatham County, North Carolina",75070.0,76791.0,44.984983898397076,10.513562630409908,3.420679689888015
37039,"Cherokee County, North Carolina",28515.0,43319.0,22.54377211285494,16.88436146802016,4.633666752158673
37041,"Chowan County, North Carolina",13796.0,46288.0,22.588033209275693,21.963824289405682,5.665149215983814
37043,"Clay County, North Carolina",10997.0,47155.0,26.974700083145265,14.172003659652333,3.2045840407470285
37045,"Cleveland County, North Carolina",98898.0,45646.0,18.90642880197177,18.336579383971724,7.132276054374347
37047,"Columbus County, North Carolina",51474.0,40562.0,14.060179327795808,21.033505789603353,5.248837439398437
37049,"Craven County, North Carolina",101405.0,56325.0,25.56241467323559,14.156178102584924,5.007808433107757
37051,"Cumberland County, North Carolina",333582.0,50746.0,25.888037884462058,18.042646427398783,6.563029385179908
37053,"Currituck County, North Carolina",27575.0,79416.0,26.05309734513274,8.308366824990866,2.4732297063903284
37055,"Dare County, North Carolina",36718.0,69500.0,40.17503722264589,6.811323860207384,6.0331524715018165
37057,"Davidson County, North Carolina",168002.0,53083.0,19.257530795309474,14.518401657112578,5.3508926547981766
37059,"Davie County, North Carolina",42543.0,64657.0,26.15262845458743,12.565581131540387,4.885183560040954
37061,"Duplin County, North Carolina",49836.0,45744.0,15.558187740598164,18.158966978167886,7.211087420042644
37063,"Durham County, North Carolina",320146.0,67000.0,50.72385333513733,13.181893874832252,4.7055435565154795
37065,"Edgecombe County, North Carolina",49609.0,41974.0,17.42150195340761,22.81580184341215,9.28626247122026
37067,"Forsyth County, North Carolina",380583.0,56830.0,34.483230610393264,15.645377569668984,5.231312374055583
37069,"Franklin County, North Carolina",67598.0,62332.0,22.552947910704063,11.308147005911078,6.48153689628344
37071,"Gaston County, North Carolina",226097.0,56819.0,23.256184646773782,13.112779251134985,5.328239581961094
37073,"Gates County, North Carolina",10584.0,51599.0,10.972923953880036,13.919938855450464,9.738955823293173
37075,"Graham County, North Carolina",8089.0,41977.0,13.538620333734732,13.374279267986964,5.948926291352293
37077,"Granville County, North Carolina",60854.0,60606.0,23.36468081163717,14.367548354814778,5.174197999310107
37079,"Greene County, North Carolina",20524.0,45766.0,10.752540510848668,21.38413257721742,6.882312456985547
37081,"Guilford County, North Carolina",537113.0,58646.0,37.21097540572194,14.530919441984228,5.5349410264354315
37083,"Halifax County, North Carolina",49291.0,37832.0,14.752088501126224,26.23806651552653,8.496434531937492
37085,"Harnett County, North Carolina",133074.0,59676.0,22.97406061721014,14.946054254007398,5.698347576499587
37087,"Haywood County, North Carolina",61695.0,52063.0,27.738043946574752,12.371218583896582,3.528056951423786
37089,"Henderson County, North Carolina",115613.0,59928.0,33.02157939874371,10.363183427297757,3.7938592583352637
37091,"Hertford County, North Carolina",22010.0,43523.0,16.308290155440414,20.797735200444873,8.480833966771636
37093,"Hoke County, North Carolina",52169.0,53456.0,19.83065953654189,17.8938220887976,6.671589280284933
37095,"Hyde County, North Carolina",4697.0,48577.0,11.138750690989498,24.16154936230515,6.820809248554912
37097,"Iredell County, North Carolina",183965.0,66824.0,31.622339589424374,9.771427316741137,4.8129070083966745
37099,"Jackson County, North Carolina",42983.0,47989.0,28.752253876667872,19.245571556008667,6.7582254717913255
37101,"Johnston County, North Carolina",211320.0,66026.0,24.599954604777846,12.54749762213162,4.255478343823945
37103,"Jones County, North Carolina",9326.0,42401.0,14.742014742014742,20.849546044098574,6.371463714637146
37105,"Lee County, North Carolina",62676.0,57674.0,20.834608233106596,15.142871114443594,5.145480365930183
37107,"Lenoir County, North Carolina",55344.0,41092.0,13.96219547073659,23.26821910753044,9.275547737086198
37109,"Lincoln County, North Carolina",85670.0,65399.0,24.252050176655537,10.696534991637812,4.496456847402073
37111,"McDowell County, North Carolina",44527.0,50615.0,18.25577111984283,13.832382179675996,6.313615577518808
37113,"Macon County, North Carolina",36532.0,48169.0,23.972204031143125,16.348886620126375,4.21019509125236
37115,"Madison County, North Carolina",21269.0,51396.0,31.70652456459579,13.817341722375149,2.708247845711941
37117,"Martin County, North Carolina",22213.0,41798.0,14.508706467661693,19.769673704414586,10.413625304136254
37119,"Mecklenburg County, North Carolina",1100984.0,73124.0,46.92894338988745,10.566166470737386,4.62831450831103
37121,"Mitchell County, North Carolina",14951.0,48320.0,22.32407657050418,12.96855691335988,6.389823073548764
37123,"Montgomery County, North Carolina",25891.0,50618.0,16.5162504844693,15.579040424334966,3.3526223936805364
37125,"Moore County, North Carolina",98618.0,67440.0,40.13713898725962,9.686063529363263,4.003732476889025
37127,"Nash County, North Carolina",94628.0,52837.0,21.83614479942496,14.709373853359523,7.034629681963435
37129,"New Hanover County, North Carolina",225175.0,62362.0,42.826986568499365,13.611636004264216,4.94295630801933
37131,"Northampton County, North Carolina",17917.0,39764.0,16.685042263873576,20.80060510851225,7.5885558583106265
37133,"Onslow County, North Carolina",201597.0,54732.0,24.82530342037514,13.30424030031995,4.452157207456208
37135,"Orange County, North Carolina",147376.0,79205.0,61.25508185316434,12.55586860000295,4.393941387795923
37137,"Pamlico County, North Carolina",12293.0,52124.0,23.54391371340524,14.252457320227627,5.600169061707523
37139,"Pasquotank County, North Carolina",40240.0,56510.0,25.67935275550557,13.093054780320548,4.969871761858165
37141,"Pender County, North Carolina",59964.0,65681.0,28.97868414204263,12.509781240431394,7.054485301719682
37143,"Perquimans County, North Carolina",13002.0,53138.0,20.341234164282795,13.08831511204156,5.113942221424726
37145,"Person County, North Carolina",38999.0,55759.0,17.58060466951189,18.31827945857812,5.240641711229946
37147,"Pitt County, North Carolina",170600.0,50422.0,32.639134804038854,20.682489135550437,7.357905457208573
37149,"Polk County, North Carolina",19413.0,55058.0,33.77343543702139,9.520329871078866,3.774427694025684
37151,"Randolph County, North Carolina",143735.0,51598.0,16.06623764559652,15.113986791894899,4.63416046558763
37153,"Richmond County, North Carolina",43301.0,38926.0,17.542666757326444,24.95002379819134,8.776716689404275
37155,"Robeson County, North Carolina",118836.0,36736.0,14.15941878027186,27.269417475728154,6.660147530877319
37157,"Rockingham County, North Carolina",90903.0,46993.0,15.55089064330154,18.224702230887313,6.666666666666667
37159,"Rowan County, North Carolina",145784.0,53600.0,19.881838943501144,16.75100429910494,7.046546908451602
37161,"Rutherford County, North Carolina",64592.0,45500.0,19.32176486990841,18.234534051873563,6.072337527332688
37163,"Sampson County, North Carolina",59468.0,45127.0,14.696365415004891,21.400419716435483,6.670626229629904
37165,"Scotland County, North Carolina",34345.0,39866.0,15.342110943233326,26.078212981869935,11.301345733812443
37167,"Stanly County, North Carolina",62148.0,56462.0,17.932204166762165,13.32084728345543,4.6838250117599625
37169,"Stokes County, North Carolina",44588.0,52637.0,13.957812595256966,14.765406242174517,5.34555712270804
37171,"Surry County, North Carolina",71439.0,50881.0,19.002431646996026,16.584154904603164,4.539617119135084
37173,"Swain County, North Carolina",14166.0,48608.0,21.39751552795031,18.69279176201373,7.746478873239436
37175,"Transylvania County, North Carolina",32979.0,57830.0,35.90058664975424,13.090920460230116,4.933182634133368
37177,"Tyrrell County, North Carolina",3436.0,40938.0,11.216369837059492,16.722532588454374,3.639120545868082
37179,"Union County, North Carolina",235699.0,88465.0,37.67678971693809,7.1825507682389595,4.541609045798422
37181,"Vance County, North Carolina",42650.0,45243.0,17.10180055401662,19.44793270939462,6.5353535353535355
37183,"Wake County, North Carolina",1112883.0,88471.0,54.723424633346355,8.534416277872726,4.321468216754405
37185,"Warren County, North Carolina",18889.0,39588.0,15.241715679242576,19.350749559082892,9.124272336117437
37187,"Washington County, North Carolina",11183.0,32937.0,12.485882795833856,24.223489993661143,9.121929026387624
37189,"Watauga County, North Carolina",54077.0,48786.0,44.4156828082581,23.1548271086952,8.856626840789108
37191,"Wayne County, North Carolina",117692.0,49488.0,20.42779654078395,18.602042058757025,4.205409974640744
37193,"Wilkes County, North Carolina",66335.0,46079.0,16.74699046546077,17.319223985890652,5.803032335972091
37195,"Wilson County, North Carolina",78844.0,47348.0,19.7470564201612,18.864270220018593,8.140441433448935
37197,"Yadkin County, North Carolina",37198.0,51348.0,13.96839763170796,15.416531077123333,4.8063935164340394
37199,"Yancey County, North Carolina",18357.0,45324.0,20.328990465099352,14.739614772540197,7.8312522730027885
38001,"Adams County, North Dakota",2237.0,52896.0,19.126029132362255,14.193844740468533,0.8189262966333031
38003,"Barnes County, North Dakota",10869.0,64016.0,29.250263991552274,10.56691091399923,3.4054146092286732
38005,"Benson County, North Dakota",6090.0,54375.0,19.44770857814336,30.17212843429328,3.3236994219653178
38007,"Billings County, North Dakota",839.0,71375.0,26.666666666666668,9.603841536614647,2.380952380952381
38009,"Bottineau County, North Dakota",6442.0,68095.0,24.56614829839982,8.671556642216789,3.990102072378596
38011,"Bowman County, North Dakota",3024.0,76447.0,18.8398849472675,9.346427362004741,4.0251572327044025
38013,"Burke County, North Dakota",2177.0,97802.0,21.75925925925926,5.547850208044383,2.4567788898999092
38015,"Burleigh County, North Dakota",97895.0,76043.0,37.21618055239569,7.760129933135058,2.8363277618623006
38017,"Cass County, North Dakota",182992.0,68718.0,41.75685099568665,10.393318181309269,2.979355012818783
38019,"Cavalier County, North Dakota",3725.0,60284.0,24.895951570185396,13.797851831451391,1.8458197611292075
38021,"Dickey County, North Dakota",5013.0,58267.0,25.244798041615667,5.749273557492736,3.2182103610675044
38023,"Divide County, North Dakota",2196.0,83438.0,23.40561224489796,5.644402634054563,3.67504835589942
38025,"Dunn County, North Dakota",4054.0,84459.0,19.643469317792253,7.273181704573857,2.3910733262486716
38027,"Eddy County, North Dakota",2378.0,44958.0,24.64622641509434,13.694407749889917,1.6493055555555556
38029,"Emmons County, North Dakota",3316.0,56713.0,17.987065481002425,8.057598039215687,1.3282732447817838
38031,"Foster County, North Dakota",3396.0,71250.0,22.92275574112735,7.164449818621524,0.11068068622025456
38033,"Golden Valley County, North Dakota",1812.0,83295.0,23.49442379182156,5.88235294117647,3.316062176165803
38035,"Grand Forks County, North Dakota",73101.0,57213.0,36.106447086965524,15.444071539612663,3.6360233042420274
38037,"Grant County, North Dakota",2351.0,57200.0,21.010332950631458,11.769796624837731,2.1505376344086025
38039,"Griggs County, North Dakota",2242.0,64196.0,29.897528631705843,4.821511358368104,2.0104895104895104
38041,"Hettinger County, North Dakota",2502.0,62865.0,16.80172879524581,10.094097519247219,3.7294015611448397
38043,"Kidder County, North Dakota",2397.0,52419.0,19.07373552711761,10.279569892473118,0.8379888268156425
38045,"LaMoure County, North Dakota",4173.0,63594.0,23.331062670299726,14.48495228774162,1.5384615384615385
38047,"Logan County, North Dakota",1814.0,53929.0,22.70351008215086,7.375643224699828,1.0
38049,"McHenry County, North Dakota",5420.0,71612.0,20.861618798955615,9.078972050271993,4.19054441260745
38051,"McIntosh County, North Dakota",2568.0,58056.0,16.166166166166164,10.23462783171521,0.5899705014749262
38053,"McKenzie County, North Dakota",13762.0,78442.0,23.975557153127248,13.044439531284546,2.1649484536082473
38055,"McLean County, North Dakota",9788.0,72324.0,21.367642877452376,7.6986584107327145,1.60393498716852
38057,"Mercer County, North Dakota",8405.0,78547.0,21.127235909551132,9.584859584859586,3.0280466617026556
38059,"Morton County, North Dakota",32916.0,75177.0,27.26871663652005,7.705638422974562,2.4838657193990996
38061,"Mountrail County, North Dakota",9717.0,76520.0,21.362077413032825,12.892527723080113,3.8184595243290422
38063,"Nelson County, North Dakota",3035.0,56724.0,24.595323741007196,10.386965376782078,1.092896174863388
38065,"Oliver County, North Dakota",1850.0,64148.0,20.581304006284366,11.783783783783784,3.6674816625916873
38067,"Pembina County, North Dakota",6912.0,61795.0,21.63413161601932,7.259148618371919,3.8648726023475524
38069,"Pierce County, North Dakota",4038.0,59803.0,28.912280701754383,11.222651222651223,0.7780082987551867
38071,"Ramsey County, North Dakota",11638.0,55534.0,25.472775732961033,14.748523357794882,0.7750686258679154
38073,"Ransom County, North Dakota",5679.0,67480.0,21.237373737373737,11.163379772028225,2.7377521613832854
38075,"Renville County, North Dakota",2328.0,71218.0,23.32896461336828,5.123674911660777,1.94585448392555
38077,"Richland County, North Dakota",16546.0,62481.0,22.602545968882602,10.745245180489068,2.995046653611335
38079,"Rolette County, North Dakota",12508.0,49434.0,17.301520859494907,26.942878156410888,7.821346194170687
38081,"Sargent County, North Dakota",3839.0,67467.0,20.02164502164502,5.719557195571956,1.285102332222751
38083,"Sheridan County, North Dakota",1328.0,61125.0,13.944603629417381,4.328018223234624,0.6269592476489028
38085,"Sioux County, North Dakota",3993.0,39755.0,13.621262458471762,38.53397811147875,18.355359765051396
38087,"Slope County, North Dakota",775.0,67614.0,26.20689655172414,4.516129032258064,4.859335038363171
38089,"Stark County, North Dakota",32710.0,70364.0,25.934712469159233,10.852494916314718,2.6643823477284814
38091,"Steele County, North Dakota",1870.0,81354.0,29.593373493975903,12.13903743315508,2.0629750271444083
38093,"Stutsman County, North Dakota",21678.0,54652.0,23.865231633130556,12.546583850931677,4.671684401764859
38095,"Towner County, North Dakota",2190.0,51912.0,15.006150061500614,14.840823970037453,3.3050047214353167
38097,"Traill County, North Dakota",8008.0,73113.0,30.38694296717403,6.00262123197903,2.1108179419525066
38099,"Walsh County, North Dakota",10631.0,59368.0,18.056865651529446,9.655172413793103,2.3559727590649735
38101,"Ward County, North Dakota",69686.0,72227.0,29.36086887224208,9.654180810221899,3.873431533006001
38103,"Wells County, North Dakota",4031.0,58932.0,21.890884445950526,8.817584638706418,1.376597836774828
38105,"Williams County, North Dakota",38460.0,80142.0,24.407582938388625,7.059846628191951,3.0506377308204833
39001,"Adams County, Ohio",27564.0,44467.0,15.955295369877595,19.232329191401497,6.492696829355184
39003,"Allen County, Ohio",102462.0,55114.0,19.118502997497234,13.033737614435992,6.12281976744186
39005,"Ashland County, Ohio",52658.0,58168.0,22.19852711194518,12.379500781884044,3.595120091498284
39007,"Ashtabula County, Ohio",97869.0,49680.0,15.083473910767262,18.904673884341168,7.647006135518832
39009,"Athens County, Ohio",62933.0,47061.0,34.058031607993975,25.48200931544471,5.81109837944017
39011,"Auglaize County, Ohio",46282.0,69315.0,20.05229925377894,7.2806171648987466,3.3054478677820853
39013,"Belmont County, Ohio",67077.0,54191.0,16.000324385694594,11.257175478100917,5.41871921182266
39015,"Brown County, Ohio",43694.0,59766.0,14.57821457821458,15.969847141760313,4.493760064412238
39017,"Butler County, Ohio",387830.0,72281.0,31.80939676059677,11.366758241758241,5.148439482364882
39019,"Carroll County, Ohio",26866.0,55954.0,14.100645161290323,13.215191790677421,3.5816164817749603
39021,"Champaign County, Ohio",38678.0,62865.0,16.748057713651498,10.186703337388268,5.779459901800328
39023,"Clark County, Ohio",136032.0,54869.0,18.85802734542953,15.192921797030115,7.079429236328005
39025,"Clermont County, Ohio",207650.0,73013.0,29.465141143309403,8.939764543407751,4.222302085349109
39027,"Clinton County, Ohio",42046.0,57409.0,20.064964869540656,13.980214588050005,5.996565213243011
39029,"Columbiana County, Ohio",102331.0,51664.0,15.662389104424971,12.942153952154662,4.932873506589481
39031,"Coshocton County, Ohio",36621.0,49297.0,17.06142428548871,19.11332779163203,6.85382497306357
39033,"Crawford County, Ohio",41939.0,48449.0,15.651938744464353,14.09551728349823,5.6920193351090065
39035,"Cuyahoga County, Ohio",1263667.0,55109.0,34.37487729548593,16.707458383969705,7.502101578858881
39037,"Darke County, Ohio",51839.0,57440.0,16.68270591565242,10.431295843520783,2.4104899497487438
39039,"Defiance County, Ohio",38329.0,65779.0,19.172889144170018,9.542706474551894,5.081869009584664
39041,"Delaware County, Ohio",211121.0,116284.0,57.06428597038471,4.6023376648322625,2.812993517201665
39043,"Erie County, Ohio",75560.0,60149.0,25.199765413092884,12.065838092038964,5.602605863192182
39045,"Fairfield County, Ohio",157622.0,77241.0,30.200762484271415,8.607006109451834,4.036805060695846
39047,"Fayette County, Ohio",28897.0,52964.0,14.724731291315537,16.131525328462022,5.330025560066155
39049,"Franklin County, Ohio",1313598.0,65999.0,41.1985099716494,14.65506029172738,4.8020395507476055
39051,"Fulton County, Ohio",42709.0,65418.0,17.60580245646447,8.835798255593478,3.7913806788999396
39053,"Gallia County, Ohio",29369.0,50773.0,17.249081703563984,16.421867913337753,4.559025256193013
39055,"Geauga County, Ohio",95408.0,90285.0,38.42378007081744,5.829933774834437,3.131001920614597
39057,"Greene County, Ohio",167043.0,75901.0,41.13042783738452,10.853796583801833,4.561198903726165
39059,"Guernsey County, Ohio",38542.0,48434.0,14.760174957372673,18.36557670066239,4.894500172950536
39061,"Hamilton County, Ohio",826790.0,63080.0,39.63647171304469,14.877997795833853,5.136976909998355
39063,"Hancock County, Ohio",75139.0,60828.0,28.0196044245559,11.057462145563473,3.709195020322605
39065,"Hardin County, Ohio",30738.0,52112.0,16.443971253659832,17.832180237715097,4.730932493495824
39067,"Harrison County, Ohio",14623.0,51993.0,12.242194891201514,14.838935574229692,5.447662936142199
39069,"Henry County, Ohio",27618.0,64513.0,17.655677655677657,9.723602370174083,4.758851606468618
39071,"Highland County, Ohio",43162.0,52376.0,14.080401328723477,16.694545882907292,5.156667843988092
39073,"Hocking County, Ohio",28180.0,56755.0,14.770048648377552,16.341991341991342,4.0479760119940025
39075,"Holmes County, Ohio",44166.0,69454.0,10.522885839147435,8.955292707108436,2.161410907696731
39077,"Huron County, Ohio",58583.0,59049.0,14.975275483822385,12.325834354874912,4.3314963670188495
39079,"Jackson County, Ohio",32531.0,50983.0,15.125786163522012,17.078827769942016,7.294197031039136
39081,"Jefferson County, Ohio",65620.0,49211.0,18.253423187534874,17.340675639427552,6.030167523192953
39083,"Knox County, Ohio",62399.0,64439.0,22.684868613851712,12.669529066993798,3.033320058409664
39085,"Lake County, Ohio",232202.0,70168.0,28.850734891255154,7.4864909692456765,4.807026756092322
39087,"Lawrence County, Ohio",58570.0,48947.0,16.926735748780548,18.760192928276485,4.618732871191359
39089,"Licking County, Ohio",177454.0,72771.0,28.6083566756157,9.480193013378022,3.55717410422351
39091,"Logan County, Ohio",45997.0,64196.0,17.916340278865736,9.533326012957065,4.416124607283508
39093,"Lorain County, Ohio",311737.0,62390.0,25.992826445212785,13.217995368838903,4.695002433666154
39095,"Lucas County, Ohio",431212.0,53176.0,27.54797848165524,17.60514251544748,7.247534075226284
39097,"Madison County, Ohio",43947.0,72811.0,19.98736176935229,10.184755122051916,3.1179747825237025
39099,"Mahoning County, Ohio",229044.0,50750.0,24.850401778081725,17.315772208666424,7.906767791548849
39101,"Marion County, Ohio",65515.0,51144.0,13.147031489766366,15.174915174915174,5.818491449655857
39103,"Medina County, Ohio",181448.0,82894.0,35.01917451553959,5.742677766100017,2.765387144085369
39105,"Meigs County, Ohio",22361.0,44113.0,12.407652964576624,20.074518356961104,7.513039618244368
39107,"Mercer County, Ohio",42154.0,68692.0,20.3996399639964,5.292539694047706,2.4277250657044855
39109,"Miami County, Ohio",107899.0,66284.0,24.306203513636,7.669622042673508,3.720522768312088
39111,"Monroe County, Ohio",13514.0,50503.0,12.617107942973524,14.703681532475308,5.53873552983081
39113,"Montgomery County, Ohio",536136.0,56543.0,29.199809510851075,15.30206062854581,6.061837376794954
39115,"Morgan County, Ohio",13955.0,44848.0,10.871080139372822,17.347753502213834,4.065323141070188
39117,"Morrow County, Ohio",34892.0,63411.0,14.964759875430259,10.180266480884786,3.19901911608984
39119,"Muskingum County, Ohio",86346.0,52224.0,18.24180286265354,15.805463881905807,4.460088178695832
39121,"Noble County, Ohio",14166.0,46144.0,12.140337850380547,16.604886267902273,4.764086120018323
39123,"Ottawa County, Ohio",40479.0,64463.0,26.024025206774322,8.285864846553412,3.9314413589665342
39125,"Paulding County, Ohio",18858.0,59987.0,16.18359344968094,10.05568644249304,4.325758449648172
39127,"Perry County, Ohio",35439.0,58616.0,13.401218664376561,15.177272597621153,4.856850715746421
39129,"Pickaway County, Ohio",58458.0,63629.0,19.552593536373212,13.379655364091162,4.172351068667576
39131,"Pike County, Ohio",27271.0,44961.0,14.706507868991919,19.36133701410132,5.238183848157797
39133,"Portage County, Ohio",161897.0,64163.0,30.05995022999774,11.150969268061269,5.911928462966087
39135,"Preble County, Ohio",41027.0,60527.0,18.351294223639073,9.783733188827036,3.080183332511951
39137,"Putnam County, Ohio",34395.0,73122.0,24.75217258395563,6.34304207119741,2.6145991135050215
39139,"Richland County, Ohio",124504.0,52605.0,17.83056306435843,13.608668529580163,5.241787283196528
39141,"Ross County, Ohio",77205.0,54004.0,16.862866961576426,16.523554048943115,6.012394231915147
39143,"Sandusky County, Ohio",59013.0,56414.0,18.142329689423008,12.904116682488997,5.454918312940051
39145,"Scioto County, Ohio",74392.0,43266.0,16.39239772858964,23.822015372681758,7.847838534211279
39147,"Seneca County, Ohio",55166.0,56043.0,17.905568358432927,12.223484337998883,3.944555302166477
39149,"Shelby County, Ohio",48307.0,66536.0,19.061108862808577,10.816090746770298,5.233761668554466
39151,"Stark County, Ohio",374712.0,58170.0,23.584225012311087,13.353091365849254,4.901178623095906
39153,"Summit County, Ohio",540567.0,63111.0,33.94262170478432,12.638128047288266,5.6745967939262165
39155,"Trumbull County, Ohio",202199.0,50258.0,19.262439347611522,17.09840901641411,4.86242989003224
39157,"Tuscarawas County, Ohio",93025.0,57545.0,18.36588703657626,13.016330451488953,5.625928190792347
39159,"Union County, Ohio",61769.0,96634.0,37.797027926009235,4.715124338941279,2.9999385258498803
39161,"Van Wert County, Ohio",28808.0,59210.0,16.654069035021415,9.82394366197183,4.86541737649063
39163,"Vinton County, Ohio",12853.0,46653.0,13.07802670786889,18.85978670012547,4.893992932862191
39165,"Warren County, Ohio",239556.0,95709.0,44.14415525170454,4.815558289624209,3.4439834024896268
39167,"Washington County, Ohio",59942.0,54167.0,19.826180157509672,13.591932796206901,5.290986885588062
39169,"Wayne County, Ohio",116858.0,64594.0,23.39527247139767,10.019312407109101,3.5660568750218613
39171,"Williams County, Ohio",37026.0,55030.0,14.566715712847516,10.74444661222442,3.4388795029701895
39173,"Wood County, Ohio",131930.0,66337.0,36.26098172349177,12.636951993257748,5.1877289996349525
39175,"Wyandot County, Ohio",21933.0,61626.0,19.40815259994774,6.981158279709272,2.678963548528766
40001,"Adair County, Oklahoma",19839.0,37940.0,10.59052059052059,24.532436426642207,5.579681537044348
40003,"Alfalfa County, Oklahoma",5744.0,66552.0,21.000935453695043,11.645299145299145,3.614457831325301
40005,"Atoka County, Oklahoma",14080.0,45148.0,14.656132887673454,17.137740403332554,6.029955261622252
40007,"Beaver County, Oklahoma",5100.0,60152.0,21.462264150943398,7.474949899799599,3.561311210036423
40009,"Beckham County, Oklahoma",22349.0,50365.0,14.666928927353789,19.990609838802236,6.491817492142625
40011,"Blaine County, Oklahoma",8799.0,52538.0,16.880037932669513,12.294753704445334,6.447725218439289
40013,"Bryan County, Oklahoma",45809.0,49225.0,23.707291530305014,17.120570237374757,5.272341428908276
40015,"Caddo County, Oklahoma",27253.0,47566.0,14.783129904097647,19.728816193325304,6.869525126786538
40017,"Canadian County, Oklahoma",151174.0,76973.0,31.377922155569284,7.629273806159932,3.714597761064363
40019,"Carter County, Oklahoma",48102.0,52906.0,20.125766584690098,15.9529540943452,4.456070719826808
40021,"Cherokee County, Oklahoma",47307.0,47421.0,26.972120887579905,21.303719279800237,6.4686623012160895
40023,"Choctaw County, Oklahoma",14307.0,38854.0,14.225554642563681,23.13385042339714,7.476006061626536
40025,"Cimarron County, Oklahoma",2271.0,50350.0,28.960709759188845,12.090345438441098,0.6398537477148081
40027,"Cleveland County, Oklahoma",292110.0,67068.0,34.677049687123564,12.332199813218699,4.556169051614805
40029,"Coal County, Oklahoma",5294.0,43697.0,17.511135857461024,20.76303680981595,6.320541760722348
40031,"Comanche County, Oklahoma",121502.0,54483.0,23.92489400363416,16.43762365648896,5.6688314957458585
40033,"Cotton County, Oklahoma",5603.0,54787.0,16.74454828660436,20.26902524414962,4.1019514137793704
40035,"Craig County, Oklahoma",14172.0,45094.0,14.60038395473376,18.861556922153895,5.411968777103209
40037,"Creek County, Oklahoma",71879.0,56384.0,17.137798400390743,14.072042524315764,3.9990018092207875
40039,"Custer County, Oklahoma",28564.0,55074.0,29.551122194513717,15.986557849255881,2.7171757239190795
40041,"Delaware County, Oklahoma",40688.0,46588.0,18.159347170961297,18.951562694558586,6.3825972628936825
40043,"Dewey County, Oklahoma",4548.0,53672.0,20.048392671966816,14.823107926556203,4.67005076142132
40045,"Ellis County, Oklahoma",3813.0,52250.0,18.391660461653014,15.38871139510117,7.286288009179575
40047,"Garfield County, Oklahoma",62628.0,60732.0,23.400772125299323,13.501151694636393,3.7718072837139793
40049,"Garvin County, Oklahoma",25949.0,50441.0,16.710814234711506,15.081659764007188,3.3357117374241887
40051,"Grady County, Oklahoma",54739.0,68925.0,22.197164948453608,10.2524951586474,4.462216040797403
40053,"Grant County, Oklahoma",4166.0,54150.0,23.737916219119228,12.025628388368654,3.0854830551340413
40055,"Greer County, Oklahoma",5548.0,49203.0,10.592904986355743,18.736477715274773,6.916707257671701
40057,"Harmon County, Oklahoma",2540.0,55369.0,15.938740782756664,17.575757575757574,5.4575986565911
40059,"Harper County, Oklahoma",3358.0,51481.0,22.430313588850172,15.269277845777236,4.084507042253521
40061,"Haskell County, Oklahoma",11711.0,43622.0,15.792091519522508,21.583168060705354,8.551835417507059
40063,"Hughes County, Oklahoma",13406.0,42425.0,15.26860413914575,20.56375175142174,7.356219349086047
40065,"Jackson County, Oklahoma",24960.0,55551.0,24.475306719810675,15.476583113456465,3.942417798135122
40067,"Jefferson County, Oklahoma",5491.0,43438.0,15.222101841820152,23.167319529938442,5.05050505050505
40069,"Johnston County, Oklahoma",10446.0,46754.0,22.96875,21.342068691681558,6.318031235210602
40071,"Kay County, Oklahoma",44019.0,50391.0,17.623497997329775,16.47222544358112,6.405640564056406
40073,"Kingfisher County, Oklahoma",15272.0,61657.0,22.512604177384503,10.70267400968748,3.0680050897780293
40075,"Kiowa County, Oklahoma",8518.0,36985.0,18.574077195348053,24.21669457067687,4.301075268817205
40077,"Latimer County, Oklahoma",9555.0,39939.0,12.900751649025924,17.155536313453837,8.919824697086879
40079,"Le Flore County, Oklahoma",48436.0,43049.0,15.311122754029649,21.20483977289642,5.456308697427521
40081,"Lincoln County, Oklahoma",33650.0,54578.0,15.00714007529534,14.62296861338077,3.5106891605764634
40083,"Logan County, Oklahoma",49005.0,74744.0,30.31689492108334,13.385843310228942,3.379704702568917
40085,"Love County, Oklahoma",10105.0,55568.0,14.95243757431629,15.221945137157109,5.399909624943516
40087,"McClain County, Oklahoma",41258.0,73914.0,26.064908722109532,7.311838446905029,3.781205898097231
40089,"McCurtain County, Oklahoma",31112.0,43435.0,14.611227421003944,22.07386178597017,5.398236991965052
40091,"McIntosh County, Oklahoma",19105.0,40792.0,12.709317303563761,21.97854970385785,4.871794871794872
40093,"Major County, Oklahoma",7753.0,60025.0,18.610421836228287,12.01106282101936,1.7744705208929592
40095,"Marshall County, Oklahoma",15361.0,51345.0,15.844402277039848,17.072528629722257,4.674243636945734
40097,"Mayes County, Oklahoma",39303.0,52956.0,14.787396302220898,16.906000155243344,6.118557568279962
40099,"Murray County, Oklahoma",13874.0,54160.0,17.753965752705117,16.619529621911283,3.3258354755784065
40101,"Muskogee County, Oklahoma",66881.0,44166.0,20.002706420983785,19.63006876926725,6.080394717747787
40103,"Noble County, Oklahoma",11020.0,62910.0,21.36614226166465,11.655874190564292,5.232084690553746
40105,"Nowata County, Oklahoma",9484.0,46786.0,16.003644093531737,16.1006018916595,5.42877732404516
40107,"Okfuskee County, Oklahoma",11444.0,43000.0,10.663806158505805,27.60046144972121,5.540372670807454
40109,"Oklahoma County, Oklahoma",790938.0,58239.0,33.70364351163943,15.75110108621624,4.523978500493814
40111,"Okmulgee County, Oklahoma",37046.0,48689.0,15.107153023463868,16.692055969307155,7.463423668127662
40113,"Osage County, Oklahoma",46140.0,54036.0,18.9987123674045,13.475909427526311,5.680589680589681
40115,"Ottawa County, Oklahoma",30568.0,42311.0,15.448421475970239,20.415975068595237,4.085257548845471
40117,"Pawnee County, Oklahoma",15687.0,53084.0,17.351005653906757,15.003876970793486,3.859752504419564
40119,"Payne County, Oklahoma",81817.0,43686.0,38.25639180589598,25.00374185296559,4.322286066078391
40121,"Pittsburg County, Oklahoma",43836.0,49669.0,18.658977617046233,18.807284562184414,6.964143426294821
40123,"Pontotoc County, Oklahoma",38102.0,55862.0,29.324860357807818,14.301615311524365,4.288240495137047
40125,"Pottawatomie County, Oklahoma",72331.0,54896.0,20.391659563852567,14.713947581110725,5.59947911822156
40127,"Pushmataha County, Oklahoma",10891.0,40721.0,15.101146759438217,18.862303323712876,8.432854009261517
40129,"Roger Mills County, Oklahoma",3477.0,58385.0,19.983172065628942,17.943489659190213,5.736137667304015
40131,"Rogers County, Oklahoma",94637.0,69322.0,25.03998633476715,9.470336023383014,5.177849721746123
40133,"Seminole County, Oklahoma",23798.0,40190.0,14.246731818758725,21.795204708733664,9.142368898857203
40135,"Sequoyah County, Oklahoma",39652.0,43496.0,14.251216703198722,19.396474759584727,4.932567432567433
40137,"Stephens County, Oklahoma",42983.0,53470.0,18.114185686393323,15.871175370926904,5.644118914261095
40139,"Texas County, Oklahoma",21448.0,50781.0,25.972933710528327,23.221169863404885,2.8418089037480203
40141,"Tillman County, Oklahoma",7070.0,41138.0,17.613755504298595,19.737036489880335,6.6473988439306355
40143,"Tulsa County, Oklahoma",664084.0,60382.0,32.72923009407828,14.180525212553682,5.6201886731401105
40145,"Wagoner County, Oklahoma",80509.0,68906.0,25.314405314405313,9.367303821679938,5.199319761916671
40147,"Washington County, Oklahoma",52382.0,55216.0,29.313684210526315,14.166358307203927,4.479756571718367
40149,"Washita County, Oklahoma",11014.0,55750.0,19.165212723124412,12.046158176189135,6.962509563886764
40151,"Woods County, Oklahoma",8731.0,55933.0,32.29435632607894,14.403553299492385,4.457013574660634
40153,"Woodward County, Oklahoma",20591.0,55700.0,19.59517657192076,14.176049129989766,4.993822075782537
41001,"Baker County, Oregon",16539.0,46922.0,24.2068346790637,14.117352056168505,6.372697070371489
41003,"Benton County, Oregon",94667.0,68732.0,53.36319767542418,18.26383973213784,6.318354851054401
41005,"Clackamas County, Oregon",418577.0,88517.0,38.87588609553018,7.49780488098245,4.922002564551987
41007,"Clatsop County, Oregon",40720.0,61846.0,25.75389024024524,9.929130921298022,4.653490117588191
41009,"Columbia County, Oregon",52381.0,73909.0,17.96188459502382,10.12369980123121,5.382075659334102
41011,"Coos County, Oregon",64619.0,52548.0,19.953658687961603,16.33555821421825,6.105067277411966
41013,"Crook County, Oregon",24300.0,64820.0,20.354178195904815,9.612044006948466,3.9291287983108414
41015,"Curry County, Oregon",23234.0,57553.0,24.0858966918166,13.19528677872119,8.668530866853088
41017,"Deschutes County, Oregon",194964.0,74082.0,38.656173487233296,9.410422056628814,5.4512834667402705
41019,"Douglas County, Oregon",110680.0,52479.0,18.75719922554714,13.824648711943793,5.865831957635658
41021,"Gilliam County, Oregon",1954.0,51705.0,22.19215155615697,11.795137092602173,5.743243243243244
41023,"Grant County, Oregon",7225.0,51100.0,17.431192660550458,15.398781697124239,8.265241986172219
41025,"Harney County, Oregon",7454.0,42095.0,15.397443023902168,11.7178924259056,7.07070707070707
41027,"Hood River County, Oregon",23915.0,77815.0,38.41322112452738,6.2761153083189125,3.6658011302886817
41029,"Jackson County, Oregon",221662.0,61020.0,30.02191701677374,13.45007094593053,5.55305905861881
41031,"Jefferson County, Oregon",24232.0,59748.0,20.863007959782152,14.903343782654128,9.061615076652672
41033,"Josephine County, Oregon",87686.0,51733.0,18.081237436125647,16.14842909839383,7.5780253894340035
41035,"Klamath County, Oregon",68899.0,50790.0,21.127168826866537,19.140003535442816,7.2345469940728195
41037,"Lake County, Oregon",8119.0,50685.0,18.999012183075404,19.09222852619079,6.255639097744361
41039,"Lane County, Oregon",380532.0,59016.0,32.469484994020384,16.45831153184627,7.013217597159203
41041,"Lincoln County, Oregon",49866.0,54961.0,28.595561099849263,13.77530282090887,7.041596717030404
41043,"Linn County, Oregon",127200.0,63313.0,19.812824251466548,11.821652577038451,6.953334962130467
41045,"Malheur County, Oregon",31313.0,47906.0,14.11811101252095,19.447064799361442,6.255621882410662
41047,"Marion County, Oregon",344037.0,64880.0,24.50753110387533,13.405013208381645,5.708095973737569
41049,"Morrow County, Oregon",11964.0,61659.0,10.441661173368491,14.783774723432785,3.4746086292478044
41051,"Multnomah County, Oregon",810011.0,76290.0,47.233553326205076,12.689181209402836,5.54521150127334
41053,"Polk County, Oregon",86347.0,70238.0,30.771560940841052,12.009487103468722,5.298218066757072
41055,"Sherman County, Oregon",1784.0,53606.0,17.976653696498055,12.065095398428733,2.5220680958385877
41057,"Tillamook County, Oregon",27129.0,55730.0,22.36887296992297,13.640486809282637,4.78196016495569
41059,"Umatilla County, Oregon",79509.0,63123.0,18.16151202749141,12.779884254639793,6.412128017967433
41061,"Union County, Oregon",26255.0,55227.0,24.189768505287223,14.183621665950715,6.332020997375327
41063,"Wallowa County, Oregon",7330.0,57891.0,27.577550654473733,8.978071990070335,5.157835400225479
41065,"Wasco County, Oregon",26603.0,57853.0,20.965753791735892,9.71531338486263,6.801613153404684
41067,"Washington County, Oregon",596969.0,92025.0,45.55880374229832,8.016947575837019,4.619603964601341
41069,"Wheeler County, Oregon",1477.0,46648.0,19.64757709251101,13.972602739726028,4.1441441441441444
41071,"Yamhill County, Oregon",107024.0,73409.0,28.42734712998429,11.534154535274356,3.744927536231884
42001,"Adams County, Pennsylvania",103782.0,72492.0,23.996339147895693,7.757219401577331,3.534218590398366
42003,"Allegheny County, Pennsylvania",1246116.0,66659.0,43.2903260808188,11.10766239016121,5.077647595613277
42005,"Armstrong County, Pennsylvania",65967.0,56838.0,18.544201218636523,10.44321244792943,5.707428072691001
42007,"Beaver County, Pennsylvania",168260.0,62152.0,25.903037970577262,10.612676268985718,5.641055718475074
42009,"Bedford County, Pennsylvania",47729.0,54596.0,15.775140465542941,10.545655359911642,4.726812889722234
42011,"Berks County, Pennsylvania",426967.0,69272.0,25.889443573452155,11.817437764520406,5.685416844978805
42013,"Blair County, Pennsylvania",123132.0,54368.0,23.21083172147002,13.493396759921495,4.837354660931514
42015,"Bradford County, Pennsylvania",60233.0,54383.0,19.521650259615157,12.918676369258694,5.212081561443681
42017,"Bucks County, Pennsylvania",643872.0,99302.0,42.91803683265971,5.507558204554297,4.56855773776389
42019,"Butler County, Pennsylvania",192561.0,77065.0,38.20764646530636,7.778667093538232,4.810670149504784
42021,"Cambria County, Pennsylvania",134048.0,51018.0,22.35297793237037,13.898344876159175,5.246238699781339
42023,"Cameron County, Pennsylvania",4596.0,43615.0,10.616727682343003,16.071037053277788,8.691308691308691
42025,"Carbon County, Pennsylvania",64792.0,59289.0,17.674340868257218,12.473256984646362,6.643579695616514
42027,"Centre County, Pennsylvania",158879.0,64995.0,45.86190009794319,17.183401756186566,4.281039119184129
42029,"Chester County, Pennsylvania",531704.0,109969.0,55.244333741588335,6.05310075651713,4.132392860080612
42031,"Clarion County, Pennsylvania",37571.0,53096.0,22.0539443381865,15.24244341153497,6.284077766150796
42033,"Clearfield County, Pennsylvania",80667.0,52826.0,18.369180098807327,14.755808820578675,6.430349279286672
42035,"Clinton County, Pennsylvania",37824.0,53792.0,19.346521091011642,13.85952808058507,5.489311419056827
42037,"Columbia County, Pennsylvania",65013.0,55572.0,24.788945068521357,14.887050170738114,4.851581969023059
42039,"Crawford County, Pennsylvania",84495.0,55042.0,20.2171560005412,13.120878848984944,6.212713433449908
42041,"Cumberland County, Pennsylvania",257333.0,77001.0,38.20045999944578,7.323221971715515,3.5166543301258324
42043,"Dauphin County, Pennsylvania",284199.0,66480.0,32.257131696032225,12.057420033338818,4.5000936404740886
42045,"Delaware County, Pennsylvania",573883.0,80398.0,40.54773435062976,9.623792439701058,6.618904871506105
42047,"Elk County, Pennsylvania",31037.0,57551.0,18.8099217169496,9.287066657961741,6.225059856344773
42049,"Erie County, Pennsylvania",271903.0,55949.0,28.81030277476824,15.688615812659402,5.8416371044881785
42051,"Fayette County, Pennsylvania",129443.0,51321.0,17.896541207895595,16.073508268877053,7.2300437513831906
42053,"Forest County, Pennsylvania",7121.0,43958.0,11.229508196721312,16.740498950804383,6.093189964157706
42055,"Franklin County, Pennsylvania",155592.0,66329.0,22.971312227154332,9.254818656901202,3.844424749206839
42057,"Fulton County, Pennsylvania",14529.0,58343.0,15.74773413897281,11.265368144771378,4.895598194130925
42059,"Greene County, Pennsylvania",36248.0,57497.0,18.008122220073485,12.612227447627191,4.636608344549125
42061,"Huntingdon County, Pennsylvania",44458.0,57055.0,17.456514298161,11.59048327900829,5.5722579307484965
42063,"Indiana County, Pennsylvania",83620.0,52546.0,25.704468603425077,13.473344929908931,6.6864026133115555
42065,"Jefferson County, Pennsylvania",44491.0,52815.0,16.376317616613015,14.587103424579087,5.172002481034401
42067,"Juniata County, Pennsylvania",23607.0,56382.0,14.509780173196877,9.554822400274219,2.845927379784102
42069,"Lackawanna County, Pennsylvania",215529.0,58366.0,29.424017031118588,13.504026926313259,4.753890273141836
42071,"Lancaster County, Pennsylvania",550480.0,73688.0,29.73100899863918,8.597996554489558,3.444145160955276
42073,"Lawrence County, Pennsylvania",86311.0,53106.0,21.48051403602122,12.471474755158315,6.8254716981132075
42075,"Lebanon County, Pennsylvania",142486.0,66164.0,22.05468374126053,10.836651091800517,4.6406644998194295
42077,"Lehigh County, Pennsylvania",372492.0,69440.0,31.46172407267222,12.103116727298744,6.095901397591858
42079,"Luzerne County, Pennsylvania",324825.0,56534.0,24.02064881476494,14.164761770978329,5.940181927253584
42081,"Lycoming County, Pennsylvania",114274.0,58177.0,24.320596458527493,12.319628339140534,5.231143552311435
42083,"McKean County, Pennsylvania",40652.0,52350.0,19.527896995708154,14.800412665661455,6.181311317214389
42085,"Mercer County, Pennsylvania",111216.0,52810.0,23.135547087642898,13.596583821130409,5.824078624078624
42087,"Mifflin County, Pennsylvania",46156.0,54738.0,13.302851493713119,15.271326362135387,4.083914832707103
42089,"Monroe County, Pennsylvania",168128.0,72679.0,26.062048448788783,10.565953546706544,6.326763278210688
42091,"Montgomery County, Pennsylvania",850890.0,99361.0,50.74754435518874,5.934221977921304,4.536039197145444
42093,"Montour County, Pennsylvania",18198.0,64858.0,35.55992141453831,8.670586878819323,2.593947455936149
42095,"Northampton County, Pennsylvania",311359.0,77103.0,32.782582052489815,8.954119634876676,4.751449850248765
42097,"Northumberland County, Pennsylvania",91853.0,51005.0,17.80060224799499,12.375174670256637,4.6721462025897695
42099,"Perry County, Pennsylvania",45879.0,72922.0,17.91126529121782,8.769526503015975,3.377857693295659
42101,"Philadelphia County, Pennsylvania",1596865.0,52649.0,32.52148944797782,22.818333781580517,8.91359177954227
42103,"Pike County, Pennsylvania",58345.0,71360.0,26.783178340739383,9.398405411935249,8.414103104368591
42105,"Potter County, Pennsylvania",16478.0,50944.0,16.2975344755537,13.354286066432488,6.160938809723386
42107,"Schuylkill County, Pennsylvania",143308.0,57785.0,17.77737407733201,12.674326232788044,5.7818930041152266
42109,"Snyder County, Pennsylvania",39877.0,62951.0,21.63755868544601,9.039910242025966,2.3551813990779715
42111,"Somerset County, Pennsylvania",74331.0,54332.0,16.886035890243463,10.647465371157573,5.389634654632211
42113,"Sullivan County, Pennsylvania",5935.0,54074.0,17.927228127555193,12.12914485165794,5.608157319737801
42115,"Susquehanna County, Pennsylvania",38892.0,59391.0,19.443194016413308,11.63087335676168,6.341059602649006
42117,"Tioga County, Pennsylvania",41089.0,54671.0,20.67337093157573,12.473838426119716,4.731545392275673
42119,"Union County, Pennsylvania",43094.0,61807.0,26.126034112960884,12.451812990927799,3.166656964899005
42121,"Venango County, Pennsylvania",50810.0,55899.0,19.421839263868943,12.856337574488647,6.946259220231823
42123,"Warren County, Pennsylvania",38791.0,55796.0,19.490160375376426,11.462346989593982,5.241112662442273
42125,"Washington County, Pennsylvania",209090.0,68787.0,31.721355603262065,8.760255196865453,5.059082827085494
42127,"Wayne County, Pennsylvania",51244.0,56744.0,19.59169145501233,10.780637822808274,5.622128119650419
42129,"Westmoreland County, Pennsylvania",355107.0,64708.0,30.762978998139072,9.890214111222877,4.97906566769502
42131,"Wyoming County, Pennsylvania",26389.0,62795.0,20.912247474747474,10.838557993730408,5.409197194076384
42133,"York County, Pennsylvania",454605.0,72543.0,25.807509427775045,8.681412174584539,4.651799378709391
44001,"Bristol County, Rhode Island",50672.0,95102.0,49.46073899767487,6.6612510154346065,4.23231272294887
44003,"Kent County, Rhode Island",169345.0,79880.0,32.878162969568606,7.687543547263297,4.392070020035853
44005,"Newport County, Rhode Island",85525.0,90435.0,50.66824457593688,8.259380638509409,5.757074984507334
44007,"Providence County, Rhode Island",656672.0,65797.0,30.582945352192464,13.587001364602838,6.5860736112378
44009,"Washington County, Rhode Island",129735.0,92001.0,46.09327276564079,7.968593654175139,5.919046686620605
45001,"Abbeville County, South Carolina",24374.0,45710.0,18.22588180331698,17.19739842892136,4.09077905978831
45003,"Aiken County, South Carolina",168045.0,57572.0,28.801505078797284,13.267508721861793,6.627882030766901
45005,"Allendale County, South Carolina",8304.0,31800.0,10.355381737799695,27.418918918918916,16.34584013050571
45007,"Anderson County, South Carolina",202223.0,56796.0,24.706541170389194,13.958626632664819,5.357584756248453
45009,"Bamberg County, South Carolina",13525.0,44408.0,17.469142666518405,18.494808337887424,9.243391066545122
45011,"Barnwell County, South Carolina",20801.0,38237.0,13.961505314564782,29.991710956165583,7.854851200354021
45013,"Beaufort County, South Carolina",186007.0,74199.0,42.352105695327005,10.131016914499167,3.6172437834069253
45015,"Berkeley County, South Carolina",224806.0,70786.0,27.318662322983844,11.428015317623414,3.9757733073761625
45017,"Calhoun County, South Carolina",14198.0,52491.0,18.107588856868396,20.05292140456268,4.767493032125569
45019,"Charleston County, South Carolina",404946.0,70807.0,46.738602253185235,12.526566740216591,3.7002602350775007
45021,"Cherokee County, South Carolina",56204.0,41330.0,14.587926509186353,17.9969294680755,6.953189159594854
45023,"Chester County, South Carolina",32273.0,46441.0,12.966086647727273,18.175011698642958,5.907851499685381
45025,"Chesterfield County, South Carolina",43655.0,45046.0,12.567554289083226,20.77392130949897,8.216493291120157
45027,"Clarendon County, South Carolina",31613.0,45542.0,15.60019297399237,19.882655415650337,10.75495242551864
45029,"Colleton County, South Carolina",38520.0,41419.0,16.241695431095277,18.304570150207734,6.25
45031,"Darlington County, South Carolina",63433.0,40704.0,18.592987735375917,20.336072414457213,6.27390408943807
45033,"Dillon County, South Carolina",28527.0,39780.0,12.15787805135792,31.160374337259366,6.45398773006135
45035,"Dorchester County, South Carolina",160180.0,68046.0,29.469361387966035,11.980759712157171,5.373060822457522
45037,"Edgefield County, South Carolina",25938.0,55183.0,19.401406588757865,16.383059578600683,6.74424755355726
45039,"Fairfield County, South Carolina",21186.0,41755.0,15.691988860825075,17.83500238435861,5.971068020929517
45041,"Florence County, South Carolina",137276.0,51902.0,24.28097821407044,17.633783934755893,4.562743643566232
45043,"Georgetown County, South Carolina",62992.0,55719.0,30.684008727519224,16.451457866068566,6.827742422608132
45045,"Greenville County, South Carolina",519178.0,65513.0,37.8940861322893,11.198256393682975,3.864508072428865
45047,"Greenwood County, South Carolina",69338.0,44513.0,24.15908655177556,17.142600574712645,5.723682130095184
45049,"Hampton County, South Carolina",19227.0,38298.0,11.043906810035843,20.501953877483626,10.761383428713609
45051,"Horry County, South Carolina",344865.0,54688.0,24.50259473787931,13.78827826957918,6.117494229968848
45053,"Jasper County, South Carolina",28363.0,47811.0,23.48172169811321,18.469108802624383,7.51815793540411
45055,"Kershaw County, South Carolina",64989.0,56449.0,21.18935354514608,14.749112243322527,5.528088396323456
45057,"Lancaster County, South Carolina",94653.0,67407.0,30.00235439536184,12.118457926228887,4.8327392377296405
45059,"Laurens County, South Carolina",67148.0,46754.0,17.22792342186961,20.7831094049904,6.399499884841904
45061,"Lee County, South Carolina",16730.0,36195.0,15.883537506293003,22.779872578338317,7.776261937244201
45063,"Lexington County, South Carolina",291723.0,65623.0,31.531192796714986,11.894454680205577,4.69809859531058
45065,"McCormick County, South Carolina",9584.0,53193.0,20.742138364779876,15.411681914144967,6.587183308494785
45067,"Marion County, South Carolina",29585.0,34465.0,12.336868859670561,25.572231359649123,7.142227316815096
45069,"Marlboro County, South Carolina",26912.0,32136.0,7.999168917515063,27.997540479606474,8.930242228921925
45071,"Newberry County, South Carolina",37842.0,50950.0,20.96997158436372,15.659602252632151,4.544450579790171
45073,"Oconee County, South Carolina",77932.0,52842.0,27.862059277988482,15.435667435771135,6.061309126765465
45075,"Orangeburg County, South Carolina",84909.0,38052.0,19.040432949992194,24.847148807638906,9.499766759048377
45077,"Pickens County, South Carolina",129617.0,53188.0,27.144297462434558,17.171158119205945,4.386860149896348
45079,"Richland County, South Carolina",414719.0,56137.0,39.65056173345795,16.760002384142343,5.971919129979981
45081,"Saluda County, South Carolina",19008.0,46451.0,19.295627518280853,17.471325686849827,4.088606103452339
45083,"Spartanburg County, South Carolina",322864.0,57627.0,24.895572646209732,13.934181997996678,5.021554161901291
45085,"Sumter County, South Carolina",105537.0,49040.0,22.378466980114737,18.07674032988451,7.6567841506567245
45087,"Union County, South Carolina",27306.0,40048.0,13.579992795759791,20.869888475836433,8.842139863587805
45089,"Williamsburg County, South Carolina",31279.0,40124.0,15.628630149227057,22.42915251958181,4.545083639330885
45091,"York County, South Carolina",276569.0,72234.0,35.87079672502619,9.18440081126363,4.922112764910189
46003,"Aurora County, South Dakota",2649.0,64960.0,18.2983682983683,7.159904534606206,0.34153005464480873
46005,"Beadle County, South Dakota",18959.0,56692.0,23.88071698416526,12.205693493150685,2.279172355844974
46007,"Bennett County, South Dakota",3411.0,40664.0,20.193953223046208,34.901138406231276,10.596026490066226
46009,"Bon Homme County, South Dakota",7020.0,53575.0,22.78778386844166,11.48550724637681,2.943213296398892
46011,"Brookings County, South Dakota",34315.0,59178.0,42.971887550200805,12.057590431928238,4.068446822472364
46013,"Brown County, South Dakota",38471.0,63805.0,32.40121820986433,10.353299329719338,2.969154045068341
46015,"Brule County, South Dakota",5247.0,60857.0,24.568469505178367,14.861411440927855,3.4119782214156085
46017,"Buffalo County, South Dakota",1974.0,38523.0,6.906906906906906,37.50638732754216,18.91891891891892
46019,"Butte County, South Dakota",10167.0,48941.0,20.322995569529798,9.33933933933934,9.26517571884984
46021,"Campbell County, South Dakota",1548.0,58026.0,27.18720602069614,5.317769130998703,3.6989795918367347
46023,"Charles Mix County, South Dakota",9346.0,52981.0,22.350472193074502,23.57624682074533,8.436606291706388
46025,"Clark County, South Dakota",3791.0,54473.0,19.16700363930449,5.41925047182529,5.501432664756447
46027,"Clay County, South Dakota",14816.0,56077.0,45.90723055934516,20.051538089869545,6.447490706319703
46029,"Codington County, South Dakota",28289.0,61496.0,20.253690996049077,11.823295474902368,1.5025148023174382
46031,"Corson County, South Dakota",3965.0,38281.0,15.498839907192574,43.54552371290895,25.191326530612244
46033,"Custer County, South Dakota",8360.0,68736.0,26.71882052053558,11.434155875885658,4.300791556728232
46035,"Davison County, South Dakota",19944.0,50900.0,22.777736383279933,14.281956864807995,1.6820298393994109
46037,"Day County, South Dakota",5487.0,52775.0,21.192730995648834,15.205657919225759,2.1765913757700206
46039,"Deuel County, South Dakota",4283.0,70808.0,23.247978436657682,5.475572338919046,1.78491744756805
46041,"Dewey County, South Dakota",5343.0,46087.0,17.080745341614907,35.142803101948175,18.783840066638902
46043,"Douglas County, South Dakota",2838.0,66750.0,19.75827640567525,8.94160583941606,0.7768361581920904
46045,"Edmunds County, South Dakota",4005.0,69732.0,24.648141465175026,6.8690506817597115,2.218782249742002
46047,"Fall River County, South Dakota",6979.0,51007.0,22.11430706014195,17.721705769514536,3.116883116883117
46049,"Faulk County, South Dakota",2157.0,53056.0,25.3224711473184,20.817490494296578,3.1031031031031033
46051,"Grant County, South Dakota",7550.0,70483.0,24.651251672081024,7.754118119726798,2.4584057611124908
46053,"Gregory County, South Dakota",4004.0,44654.0,19.056195965417867,12.986356745831229,3.5751840168243953
46055,"Haakon County, South Dakota",1868.0,51016.0,16.009280742459396,16.475722858701584,0.9569377990430622
46057,"Hamlin County, South Dakota",6127.0,71923.0,21.170300855644495,7.333445208927672,2.525252525252525
46059,"Hand County, South Dakota",3061.0,61121.0,25.0,9.069767441860465,0.31705770450221943
46061,"Hanson County, South Dakota",3429.0,75132.0,18.23722456633849,7.885514018691589,2.3166023166023164
46063,"Harding County, South Dakota",1179.0,64250.0,23.067776456599287,8.24742268041237,2.828854314002829
46065,"Hughes County, South Dakota",17829.0,77725.0,34.544124817162356,12.77691294455754,0.905507616917013
46067,"Hutchinson County, South Dakota",7412.0,62448.0,25.337361530715004,9.820193637621024,1.7428043306047005
46069,"Hyde County, South Dakota",1381.0,66328.0,16.74925668979187,6.463595839524518,0.9395973154362416
46071,"Jackson County, South Dakota",2868.0,25357.0,14.211438474870016,44.40446203670385,9.29451287793953
46073,"Jerauld County, South Dakota",1811.0,58375.0,19.43828529194383,8.286358511837655,0.0
46075,"Jones County, South Dakota",916.0,52321.0,38.622754491017965,12.663755458515283,2.8503562945368173
46077,"Kingsbury County, South Dakota",5131.0,62634.0,24.02376910016978,8.042789223454834,0.7855459544383346
46079,"Lake County, South Dakota",11358.0,67297.0,33.02964198639805,11.356728378004973,2.3640661938534278
46081,"Lawrence County, South Dakota",25687.0,56166.0,34.52745174389498,13.245273873000485,2.570784617551768
46083,"Lincoln County, South Dakota",63233.0,87560.0,41.25018178292695,4.704584692115865,1.4937041069883017
46085,"Lyman County, South Dakota",3746.0,55977.0,25.78397212543554,22.15036378334681,5.889570552147239
46087,"McCook County, South Dakota",5676.0,72063.0,25.74203993524015,8.138903960933261,2.8590649175916583
46089,"McPherson County, South Dakota",2245.0,54324.0,21.62162162162162,11.353104726598701,2.2492970946579196
46091,"Marshall County, South Dakota",4373.0,69236.0,28.054000658544613,6.881268952647539,1.5546218487394958
46093,"Meade County, South Dakota",29561.0,68242.0,27.880569777462362,7.391954382670978,3.2853962332270297
46095,"Mellette County, South Dakota",1916.0,35726.0,14.6218487394958,49.97289972899729,14.113597246127366
46097,"Miner County, South Dakota",2293.0,56351.0,17.258261933904528,8.56760374832664,2.2707423580786026
46099,"Minnehaha County, South Dakota",194884.0,66502.0,33.46400124941434,8.831866722269439,2.5107822258809214
46101,"Moody County, South Dakota",6335.0,66000.0,26.69190724088973,9.68208092485549,1.8421860607921399
46102,"Oglala Lakota County, South Dakota",13835.0,33192.0,10.35923141186299,50.502037252619324,12.30474102493834
46103,"Pennington County, South Dakota",108707.0,62546.0,33.24888745911747,12.57930617146207,2.9009663977302953
46105,"Perkins County, South Dakota",2977.0,59432.0,20.865019011406844,10.789652825051055,1.9018404907975461
46107,"Potter County, South Dakota",2613.0,59408.0,24.40217391304348,7.357594936708861,1.5833333333333335
46109,"Roberts County, South Dakota",10254.0,53618.0,16.1146887457835,20.197191514789363,5.00848896434635
46111,"Sanborn County, South Dakota",2371.0,58409.0,17.210492642354446,9.753992231333621,1.6974169741697416
46115,"Spink County, South Dakota",6408.0,63802.0,26.449598572702943,8.036282622533419,1.8158236057068744
46117,"Stanley County, South Dakota",2963.0,76402.0,29.038370440549503,4.139803189684424,0.23054755043227668
46119,"Sully County, South Dakota",1279.0,59688.0,20.758483033932134,8.16967792615868,0.28530670470756064
46121,"Todd County, South Dakota",9434.0,26250.0,13.308807617398832,59.02470600927824,15.051457975986276
46123,"Tripp County, South Dakota",5615.0,52274.0,19.188286668379142,21.711627906976744,4.933857704683589
46125,"Turner County, South Dakota",8621.0,66199.0,25.917817446951837,9.958555358200119,2.611197167514937
46127,"Union County, South Dakota",16424.0,80238.0,34.39002671415851,7.5763170851797135,3.262623933594651
46129,"Walworth County, South Dakota",5355.0,51746.0,25.099390405512857,14.699753741238872,5.136986301369863
46135,"Yankton County, South Dakota",23213.0,67052.0,26.50006185822096,8.831085420680797,1.8222506393861895
46137,"Ziebach County, South Dakota",2479.0,38750.0,14.572192513368984,44.48038819247877,32.416666666666664
47001,"Anderson County, Tennessee",76683.0,55414.0,24.417733774181176,15.432789681270654,5.208483624296639
47003,"Bedford County, Tennessee",49754.0,55354.0,17.968773685008337,13.568432626135113,5.185621685327048
47005,"Benton County, Tennessee",15872.0,40258.0,12.068211630957586,18.070833598270493,5.431463924152339
47007,"Bledsoe County, Tennessee",14863.0,51884.0,11.09876965140123,21.127797408716138,7.376116978066613
47009,"Blount County, Tennessee",134042.0,64593.0,25.37883109474667,9.490040987643097,4.4964352046012825
47011,"Bradley County, Tennessee",107845.0,55426.0,22.911613663771494,14.212954525835194,5.700121597605463
47013,"Campbell County, Tennessee",39388.0,46110.0,13.184105867032697,18.997237713034867,10.540332603420726
47015,"Cannon County, Tennessee",14309.0,54223.0,15.0,17.1977672578252,3.5063330244053135
47017,"Carroll County, Tennessee",28370.0,44794.0,20.30482815057283,17.372773305161925,4.289721168124072
47019,"Carter County, Tennessee",56314.0,44280.0,19.522699152945655,18.984652576828687,6.95481817068691
47021,"Cheatham County, Tennessee",40878.0,69132.0,21.98148854300274,10.210440416429684,4.372960372960373
47023,"Chester County, Tennessee",17278.0,52692.0,16.974463196960325,17.616384997172833,7.13395207092395
47025,"Claiborne County, Tennessee",31958.0,41938.0,18.30740401795442,18.974274946747503,6.634361861326872
47027,"Clay County, Tennessee",7568.0,38709.0,13.083273510409189,24.04115996258185,4.0794223826714795
47029,"Cocke County, Tennessee",35896.0,41558.0,12.341079316304974,20.278453789122192,7.758509955041746
47031,"Coffee County, Tennessee",57227.0,52626.0,22.837316885119506,16.048727877084108,4.168341066013955
47033,"Crockett County, Tennessee",14012.0,52136.0,15.528343713712655,16.53030193324162,3.8616625310173696
47035,"Cumberland County, Tennessee",60568.0,52630.0,17.270669397434517,12.871369849279818,5.982905982905983
47037,"Davidson County, Tennessee",708490.0,66047.0,44.4205742782941,14.331628990049177,4.759913869145869
47039,"Decatur County, Tennessee",11460.0,43817.0,15.821183275093384,19.25162207803751,10.581128931472609
47041,"DeKalb County, Tennessee",19875.0,45728.0,19.464788732394368,18.378350621341273,4.711300035423308
47043,"Dickson County, Tennessee",54000.0,61388.0,18.540418164868825,10.837936522797492,4.526204340921122
47045,"Dyer County, Tennessee",36975.0,50245.0,20.231654041922166,17.370272647317503,5.794066317626527
47047,"Fayette County, Tennessee",41584.0,69729.0,23.5961941622319,11.837352338182173,5.961489088575096
47049,"Fentress County, Tennessee",18385.0,43464.0,15.95333686841906,20.540992749581708,7.346938775510205
47051,"Franklin County, Tennessee",42528.0,52189.0,21.678586164214,14.58219143953361,3.741584005756283
47053,"Gibson County, Tennessee",50278.0,49615.0,18.207552676122106,14.519344208941865,5.104105769663174
47055,"Giles County, Tennessee",30197.0,54061.0,18.282352941176473,13.091826988675127,5.2413003007303445
47057,"Grainger County, Tennessee",23377.0,44917.0,14.010146295422368,16.537367468321694,5.884074941451991
47059,"Greene County, Tennessee",69926.0,47361.0,16.95862545669991,15.71306449711119,5.354279168712158
47061,"Grundy County, Tennessee",13471.0,45150.0,14.751340553043843,17.1997585998793,7.820627802690582
47063,"Hamblen County, Tennessee",64184.0,45275.0,18.046203722596296,17.151408058328162,7.248262402848632
47065,"Hamilton County, Tennessee",363790.0,61050.0,34.104790711288906,12.709829418027773,4.6150155912688895
47067,"Hancock County, Tennessee",6695.0,29650.0,11.090303786933001,29.1233514352211,8.755573571139037
47069,"Hardeman County, Tennessee",25612.0,41138.0,11.351468281866854,16.640509601181684,12.247838616714697
47071,"Hardin County, Tennessee",26722.0,45092.0,16.191170345689297,17.56318859364874,4.089219330855019
47073,"Hawkins County, Tennessee",56803.0,49101.0,16.20125238751481,17.64421959634602,8.458859564469433
47075,"Haywood County, Tennessee",17912.0,39952.0,11.83820584701642,20.709155686252334,8.029739776951674
47077,"Henderson County, Tennessee",27800.0,47885.0,13.55923408229983,16.719300822561692,5.719647519582245
47079,"Henry County, Tennessee",32298.0,43444.0,18.132571233577888,19.937567005108153,4.672391119362575
47081,"Hickman County, Tennessee",24848.0,48527.0,10.112296462661426,13.600034749370169,3.6192780052102718
47083,"Houston County, Tennessee",8238.0,46535.0,13.19039451114923,13.93535404351654,5.615362234506838
47085,"Humphreys County, Tennessee",18956.0,49745.0,15.784739919052615,11.192042180790345,9.882844217608167
47087,"Jackson County, Tennessee",11626.0,41890.0,13.21641448876662,16.975661189702134,8.245787908820615
47089,"Jefferson County, Tennessee",54358.0,54371.0,19.2359214797259,12.508333174606198,6.0086170088887165
47091,"Johnson County, Tennessee",17912.0,42552.0,13.61072448904842,22.013176232104396,4.605263157894736
47093,"Knox County, Tennessee",475286.0,62911.0,38.76046995686628,12.717565080993031,4.066397718634238
47095,"Lake County, Tennessee",7187.0,34923.0,11.537754914569172,27.75831873905429,7.589055240061951
47097,"Lauderdale County, Tennessee",25406.0,43025.0,9.230415541123053,18.60577133598984,6.725627313862607
47099,"Lawrence County, Tennessee",43967.0,45721.0,15.907784876449313,16.324221996490902,7.854188210961738
47101,"Lewis County, Tennessee",12485.0,38664.0,9.917833584075918,20.583428664814512,5.363833563399724
47103,"Lincoln County, Tennessee",35042.0,57455.0,19.216820830447006,11.145313044488327,4.896907216494846
47105,"Loudon County, Tennessee",54349.0,66151.0,28.232629902448735,12.191366612870313,3.3012105766167568
47107,"McMinn County, Tennessee",53065.0,51253.0,17.91714522289591,15.945378967406084,5.515789473684211
47109,"McNairy County, Tennessee",25916.0,42691.0,11.97754890741649,16.43008391498706,5.963657452155422
47111,"Macon County, Tennessee",24954.0,43605.0,8.946417820590007,17.97011765663803,5.086192182966377
47113,"Madison County, Tennessee",98373.0,51526.0,27.01154664235795,18.738498635700235,7.037344045569513
47115,"Marion County, Tennessee",28679.0,53148.0,13.996586198488172,16.59248269040554,5.546530517521467
47117,"Marshall County, Tennessee",33909.0,60036.0,17.65843179377014,15.115406549209112,5.930309801316504
47119,"Maury County, Tennessee",99011.0,66353.0,25.421213443910958,8.976339290281004,2.9039638617830534
47121,"Meigs County, Tennessee",12622.0,54420.0,10.8,15.799226554946827,8.599738268835297
47123,"Monroe County, Tennessee",46041.0,48488.0,15.340306199787781,16.294237622430913,6.195521686935644
47125,"Montgomery County, Tennessee",216172.0,63768.0,29.865866730185196,12.092363687929852,5.171152051812145
47127,"Moore County, Tennessee",6481.0,64926.0,23.04919423240034,7.9849694692343824,3.968514266972778
47129,"Morgan County, Tennessee",21158.0,45133.0,11.183312755864579,21.841448866717275,8.638977635782748
47131,"Obion County, Tennessee",30722.0,45606.0,15.36755532966779,17.476982181890442,4.92468134414832
47133,"Overton County, Tennessee",22364.0,39737.0,12.90751408495284,17.303330006351512,3.519837232960325
47135,"Perry County, Tennessee",8313.0,51786.0,9.056277056277057,22.167669080643183,9.090909090909092
47137,"Pickett County, Tennessee",5021.0,42931.0,15.854622070055308,21.493440968718467,4.913456169737577
47139,"Polk County, Tennessee",17502.0,49446.0,14.162590263219194,11.577044208561764,6.576812679395981
47141,"Putnam County, Tennessee",78955.0,49228.0,26.624430496079466,16.250198738671894,4.879182156133829
47143,"Rhea County, Tennessee",32723.0,48872.0,17.689822294022616,16.781963398528394,8.412550925595024
47145,"Roane County, Tennessee",53313.0,60044.0,21.244956479813233,13.708253431809982,5.319713993871297
47147,"Robertson County, Tennessee",72309.0,67597.0,20.13904282115869,12.094684501715806,4.912634042784824
47149,"Rutherford County, Tennessee",335595.0,72985.0,33.530663953959326,10.167298859628925,3.941658307361374
47151,"Scott County, Tennessee",21855.0,38409.0,9.728385101519429,23.234174538277173,9.906396255850234
47153,"Sequatchie County, Tennessee",15727.0,47835.0,15.928895085395608,20.09819755798178,4.476943739740337
47155,"Sevier County, Tennessee",98088.0,54363.0,18.815360755801542,13.828738625634216,4.41304981066123
47157,"Shelby County, Tennessee",929178.0,55015.0,33.30517741502479,18.552834404471373,7.597148463441315
47159,"Smith County, Tennessee",19820.0,52018.0,17.34885739080127,14.227476559315125,4.508923911908987
47161,"Stewart County, Tennessee",13569.0,51460.0,20.24463563802218,13.589453860640303,4.523770356966606
47163,"Sullivan County, Tennessee",157843.0,49661.0,25.68719968832518,15.613294373576018,6.702032380296245
47165,"Sumner County, Tennessee",193036.0,73517.0,29.839019213835765,9.820937576922473,3.6813316543365335
47167,"Tipton County, Tennessee",60868.0,63783.0,18.675891743881866,11.332588280429016,5.1321874784289365
47169,"Trousdale County, Tennessee",11463.0,58274.0,9.510050251256281,12.516129032258064,2.997275204359673
47171,"Unicoi County, Tennessee",17891.0,47610.0,16.027641551493534,15.383734905282436,5.208964264082374
47173,"Union County, Tennessee",19597.0,50868.0,11.839919092682221,16.32917292454296,5.822873082287308
47175,"Van Buren County, Tennessee",6083.0,44444.0,10.011148272017838,17.28995472077813,3.8611544461778475
47177,"Warren County, Tennessee",40801.0,46189.0,14.271417849101113,19.095065348109127,3.517426273458445
47179,"Washington County, Tennessee",132067.0,52503.0,33.07179070737221,15.343462275712536,5.097319473148462
47181,"Wayne County, Tennessee",16350.0,45402.0,11.35483870967742,17.757922658104146,5.585189833699404
47183,"Weakley County, Tennessee",32948.0,43773.0,21.270924904142895,19.265066144047037,3.811164713990352
47185,"White County, Tennessee",27134.0,44777.0,13.412475268145371,15.863333582815658,5.797607613725662
47187,"Williamson County, Tennessee",242386.0,116492.0,61.944153269092325,3.9029645128545085,2.286333851883279
47189,"Wilson County, Tennessee",144748.0,82224.0,35.93485787905629,8.369107744107744,3.7794398472310626
48001,"Anderson County, Texas",58133.0,49736.0,11.97668131919795,15.308914386584291,4.024184755674496
48003,"Andrews County, Texas",18184.0,80518.0,18.82278020378457,12.280508006626173,2.9193148766562533
48005,"Angelina County, Texas",86584.0,52377.0,18.04207405315732,17.28726883510733,6.278492553945902
48007,"Aransas County, Texas",24149.0,51509.0,24.769541264386625,22.524075865259263,8.154247840931914
48009,"Archer County, Texas",8616.0,67083.0,22.452704945237308,11.499357251373144,3.2444959443800694
48011,"Armstrong County, Texas",1980.0,71136.0,26.666666666666668,3.8421599169262723,1.0169491525423728
48013,"Atascosa County, Texas",48684.0,63391.0,14.823172894032691,12.515422094895548,6.310205221276003
48015,"Austin County, Texas",30132.0,68400.0,23.888349514563107,9.373848370129654,5.491177245193573
48017,"Bailey County, Texas",6968.0,64044.0,14.965357967667437,10.947182059604604,2.3187459177008494
48019,"Bandera County, Texas",20839.0,64495.0,27.496545660092952,11.993350608712658,6.710226094171334
48021,"Bastrop County, Texas",94887.0,78339.0,23.13627157874433,10.888193395208289,4.027829435316253
48023,"Baylor County, Texas",3491.0,43705.0,19.669488109633214,15.318772136953957,3.5137034434293746
48025,"Bee County, Texas",31191.0,48822.0,11.85876395010785,17.893033554760688,7.284526094506901
48027,"Bell County, Texas",364703.0,57932.0,26.551595354550734,14.266761363636363,6.895936979448125
48029,"Bexar County, Texas",1990522.0,62169.0,29.991938050447004,15.133512952520206,5.490871173369009
48031,"Blanco County, Texas",11313.0,71201.0,25.742916378714582,10.620900350435798,4.25232823756809
48033,"Borden County, Texas",550.0,68500.0,37.988826815642454,2.3636363636363638,4.411764705882353
48035,"Bosque County, Texas",18275.0,59328.0,18.378873454434437,14.472658425214387,3.825470545098998
48037,"Bowie County, Texas",92957.0,54949.0,22.93095782520325,16.37025754955739,4.1417042134970545
48039,"Brazoria County, Texas",368575.0,87958.0,31.286448829272956,7.359325582243775,5.050594611369102
48041,"Brazos County, Texas",231095.0,52658.0,42.21667346922443,23.613978314642267,4.372314131436396
48043,"Brewster County, Texas",9501.0,48679.0,46.047486033519554,14.12867765923052,3.3595284872298627
48045,"Briscoe County, Texas",1266.0,38469.0,15.631469979296067,19.347133757961785,1.839464882943144
48047,"Brooks County, Texas",7100.0,26827.0,18.041780966448616,37.532727552749115,1.6528925619834711
48049,"Brown County, Texas",38085.0,49232.0,19.40597048722497,13.20993079204658,5.21636373867537
48051,"Burleson County, Texas",17687.0,64109.0,21.066602316602317,13.020564816406027,5.542438175717659
48053,"Burnet County, Texas",48424.0,65363.0,27.82266179810816,7.1660208894878705,3.654543845677374
48055,"Caldwell County, Texas",45286.0,63380.0,16.018167028199567,13.316466273617753,2.3811814508370213
48057,"Calhoun County, Texas",20367.0,61887.0,17.428298980415168,9.720909407492165,4.1051065939514135
48059,"Callahan County, Texas",13781.0,55820.0,22.40990990990991,8.287535722136735,4.504222708789491
48061,"Cameron County, Texas",420554.0,43057.0,18.956438487314507,26.323332033427516,5.947715013357685
48063,"Camp County, Texas",12498.0,50947.0,22.75558812751924,19.452716297786722,8.155834698707446
48065,"Carson County, Texas",5856.0,76786.0,26.10849640822393,8.838167152908873,2.1592442645074224
48067,"Cass County, Texas",28692.0,49626.0,17.330339321357286,18.359209597741707,8.755916159567276
48069,"Castro County, Texas",7450.0,53551.0,21.832529592284086,11.413484971567831,4.058839553255244
48071,"Chambers County, Texas",45257.0,93707.0,23.931024814243656,15.011362117363989,8.407415680142954
48073,"Cherokee County, Texas",50564.0,54222.0,17.406350555521826,14.79271224326262,6.601711892187215
48075,"Childress County, Texas",6784.0,53092.0,18.87887887887888,13.11098332374928,7.218479307025986
48077,"Clay County, Texas",10236.0,69967.0,23.116048721724,10.345506447484988,1.7853478350092347
48079,"Cochran County, Texas",2553.0,38203.0,9.650680876258141,27.089108910891092,8.445945945945946
48081,"Coke County, Texas",3288.0,42639.0,20.426829268292682,14.024005053695515,2.8368794326241136
48083,"Coleman County, Texas",7848.0,47216.0,19.03120151697983,17.70927382948536,6.55829596412556
48085,"Collin County, Texas",1039812.0,104327.0,53.43530152952294,6.4799337574097295,4.248901329007565
48087,"Collingsworth County, Texas",2948.0,42446.0,23.62959020755721,20.60962937305161,4.637096774193548
48089,"Colorado County, Texas",20559.0,55945.0,20.71613088404133,8.882235528942116,4.4794056593466625
48091,"Comal County, Texas",156257.0,85912.0,39.6018589673217,6.716326543762767,3.528013892697194
48093,"Comanche County, Texas",13540.0,55743.0,19.319626960576517,13.428699820251646,7.479950647748304
48095,"Concho County, Texas",3181.0,46719.0,12.829736211031175,13.710368466152529,1.2834224598930482
48097,"Cooke County, Texas",41215.0,63338.0,22.044910927849774,14.118982406790535,3.7843042850264803
48099,"Coryell County, Texas",81692.0,58414.0,17.280283890378197,10.764378534928506,4.572580864920838
48101,"Cottle County, Texas",1560.0,43654.0,19.64461994076999,23.01282051282051,3.7711313394018204
48103,"Crane County, Texas",4654.0,67804.0,14.251040221914007,5.436212187637001,3.4564393939393936
48105,"Crockett County, Texas",2939.0,52731.0,16.15798922800718,7.328033183546491,1.5693659761456373
48107,"Crosby County, Texas",5265.0,44304.0,14.492753623188406,23.355834136933463,4.725670804965959
48109,"Culberson County, Texas",2209.0,34239.0,17.223313686967913,28.143440762596462,12.5
48111,"Dallam County, Texas",7135.0,61069.0,15.714613443450332,14.977220956719817,2.5223759153783565
48113,"Dallas County, Texas",2604722.0,65011.0,32.95588450041871,14.240691816624187,5.145885248824698
48115,"Dawson County, Texas",12371.0,42778.0,13.69177466957526,22.540437678401524,8.168474792597321
48117,"Deaf Smith County, Texas",18675.0,49611.0,11.447103964918693,15.00952380952381,3.6173089925625423
48119,"Delta County, Texas",5251.0,58705.0,22.32819074333801,15.852250865717584,4.224757076468103
48121,"Denton County, Texas",885012.0,96265.0,47.31782333176088,7.239350192904325,4.106713674057332
48123,"DeWitt County, Texas",19834.0,57873.0,12.633617906593011,16.10447346485135,6.267374273439474
48125,"Dickens County, Texas",1569.0,42241.0,20.153714773697693,14.912280701754385,8.881578947368421
48127,"Dimmit County, Texas",8840.0,25000.0,13.027722413480703,46.49032405817016,5.9493206022769005
48129,"Donley County, Texas",3266.0,52888.0,15.734597156398102,13.06532663316583,0.06925207756232687
48131,"Duval County, Texas",10001.0,43836.0,8.840557033328118,23.58740591540337,10.27992277992278
48133,"Eastland County, Texas",17785.0,43953.0,21.387903292350856,18.737053914896133,5.458660631074424
48135,"Ector County, Texas",161258.0,64975.0,16.267907712810263,14.108515476705069,6.14585041565224
48137,"Edwards County, Texas",1366.0,40000.0,20.96069868995633,13.101406365655071,0.0
48139,"Ellis County, Texas",187984.0,85272.0,26.256283477544294,8.162596207593413,3.9883447500255595
48141,"El Paso County, Texas",860485.0,50919.0,24.6642711381524,19.27351361571139,6.472726032669327
48143,"Erath County, Texas",42288.0,56691.0,30.850082240141212,16.940324420854207,5.553442373526055
48145,"Falls County, Texas",17074.0,35317.0,12.661391087047063,22.86705051033761,8.048353745824716
48147,"Fannin County, Texas",35453.0,59686.0,18.6319714526282,12.803790069525625,4.837257172262961
48149,"Fayette County, Texas",24445.0,66624.0,23.040446304044632,9.838857047927569,3.4887924801156904
48151,"Fisher County, Texas",3720.0,55862.0,19.588414634146343,11.01141924959217,3.7863070539419086
48153,"Floyd County, Texas",5478.0,54007.0,14.94091164884637,13.325970918461255,4.473902236951118
48155,"Foard County, Texas",1087.0,37679.0,16.990291262135923,12.344497607655502,10.097087378640776
48157,"Fort Bend County, Texas",806497.0,102590.0,48.062408449618374,7.150882674582097,5.4602718154120025
48159,"Franklin County, Texas",10413.0,61391.0,29.16083916083916,8.695652173913043,6.6451221975358505
48161,"Freestone County, Texas",19478.0,55910.0,15.963528475287648,13.268071456224767,2.7139594249630523
48163,"Frio County, Texas",18428.0,58456.0,8.89727463312369,24.984530766586456,5.1183893378704095
48165,"Gaines County, Texas",21167.0,67728.0,10.730593607305936,13.952274775843257,3.288422014158484
48167,"Galveston County, Texas",347084.0,79328.0,33.23241363657775,10.792881777444103,5.700746615020542
48169,"Garza County, Texas",5734.0,64871.0,11.646398503274089,13.765748950069995,6.920600858369099
48171,"Gillespie County, Texas",26730.0,64438.0,35.22663252240717,11.194735448734919,4.722921914357682
48173,"Glasscock County, Texas",1221.0,85417.0,30.806257521058967,12.448812448812449,0.0
48175,"Goliad County, Texas",7085.0,52335.0,18.147783251231527,10.769890015712042,3.758169934640523
48177,"Gonzales County, Texas",19720.0,55698.0,13.573103987490226,13.863472807648813,0.7918292403029609
48179,"Gray County, Texas",21398.0,50635.0,14.64002267573696,16.25818237174608,4.964539007092199
48181,"Grayson County, Texas",134205.0,62078.0,21.75575894238847,11.968557758031443,3.9358755052301726
48183,"Gregg County, Texas",123744.0,56566.0,21.189902194686287,17.257259924881534,3.7264110665186574
48185,"Grimes County, Texas",28878.0,59086.0,17.58165046123161,16.660028676119165,4.931554931554931
48187,"Guadalupe County, Texas",169477.0,80047.0,28.71122122505726,9.153152938229487,4.341030195381883
48189,"Hale County, Texas",32879.0,48649.0,16.71361502347418,17.029420350968245,4.518716577540107
48191,"Hall County, Texas",2875.0,41467.0,19.317611640742598,17.337570621468927,9.737827715355806
48193,"Hamilton County, Texas",8211.0,44030.0,21.641134002465222,21.017919362867097,3.7371910789632303
48195,"Hansford County, Texas",5332.0,47500.0,23.68746139592341,9.332321699544764,11.341059602649006
48197,"Hardeman County, Texas",3567.0,56400.0,15.823553217320924,11.460739030023094,2.5223331581713087
48199,"Hardin County, Texas",56124.0,65347.0,18.746378720042138,11.636750288350635,4.241270355667179
48201,"Harris County, Texas",4697957.0,65788.0,32.52626844571055,15.623176226661615,6.47772056401624
48203,"Harrison County, Texas",68674.0,57996.0,21.124476872849975,17.02430545149399,6.614760954893508
48205,"Hartley County, Texas",5465.0,61196.0,23.11297483966453,5.615763546798029,0.7619047619047619
48207,"Haskell County, Texas",5420.0,48432.0,17.69493305329483,12.385231490525493,6.798986486486487
48209,"Hays County, Texas",234573.0,71061.0,38.67364551029286,13.581711233235369,5.595350723070685
48211,"Hemphill County, Texas",3450.0,54867.0,21.681997371879106,6.23536299765808,6.246351430239346
48213,"Henderson County, Texas",81717.0,51963.0,18.206705362557393,17.001258614029187,6.274313332547448
48215,"Hidalgo County, Texas",865677.0,44666.0,19.491655245522267,28.14332643305405,7.753649418220703
48217,"Hill County, Texas",35686.0,57800.0,17.34513999918009,12.338242499351528,5.480917845678278
48219,"Hockley County, Texas",21670.0,49241.0,17.01217263002582,15.819155037277769,5.817750074205995
48221,"Hood County, Texas",60521.0,75851.0,30.3971184972416,8.629076745624447,6.2081690242755325
48223,"Hopkins County, Texas",36666.0,57745.0,20.954238803543852,12.515589058559431,4.4991935932373055
48225,"Houston County, Texas",22288.0,43644.0,14.335557323866071,18.995232856618998,4.45859872611465
48227,"Howard County, Texas",34620.0,60260.0,13.714889123548046,15.988752288778446,5.370619946091644
48229,"Hudspeth County, Texas",3322.0,32404.0,8.445798868088811,27.822410147991544,7.450980392156863
48231,"Hunt County, Texas",98783.0,61053.0,21.25064946972707,13.58793384821679,5.41750237517154
48233,"Hutchinson County, Texas",20801.0,57288.0,16.57142857142857,12.60760228261921,7.3403822692151275
48235,"Irion County, Texas",1555.0,39770.0,18.33489242282507,14.983922829581994,6.782106782106783
48237,"Jack County, Texas",8494.0,56916.0,14.777048047010025,15.470580315066648,6.565349544072949
48239,"Jackson County, Texas",14971.0,60807.0,15.485880815998392,12.5426039536469,4.291647438855561
48241,"Jasper County, Texas",33369.0,44356.0,13.14533622559653,24.20415598851391,13.65857112511506
48243,"Jeff Davis County, Texas",2021.0,38659.0,27.23709993468321,22.030456852791875,0.0
48245,"Jefferson County, Texas",256755.0,53613.0,19.149011050890405,18.15935070113644,5.584218512898331
48247,"Jim Hogg County, Texas",4864.0,37342.0,13.210505684045474,30.012610340479196,4.298740772904907
48249,"Jim Wells County, Texas",39203.0,47629.0,15.623000639795265,21.217745469543477,4.347022966566098
48251,"Johnson County, Texas",177022.0,70767.0,20.475798414005286,10.408342771073947,3.2781376377478297
48253,"Jones County, Texas",19721.0,55575.0,12.140115163147792,12.445928511800865,5.801425493121167
48255,"Karnes County, Texas",14823.0,49526.0,15.926145339652448,18.24658962551047,3.3413848631239937
48257,"Kaufman County, Texas",140145.0,75187.0,22.189875827165746,10.018120257870763,4.851029176378086
48259,"Kendall County, Texas",43842.0,100706.0,47.512075696420304,4.816969025527397,4.222729177336003
48261,"Kenedy County, Texas",169.0,42778.0,3.8834951456310676,1.7751479289940828,0.0
48263,"Kent County, Texas",632.0,63994.0,32.79445727482679,13.036020583190394,0.46728971962616817
48265,"Kerr County, Texas",52411.0,62204.0,29.141852716635626,11.59320567766288,3.667562538763697
48267,"Kimble County, Texas",4295.0,55677.0,28.11332503113325,13.865348399246704,2.0708697653014267
48269,"King County, Texas",229.0,42125.0,25.301204819277107,29.257641921397383,4.854368932038835
48271,"Kinney County, Texas",3199.0,58925.0,16.687066503467975,18.154362416107382,1.5424164524421593
48273,"Kleberg County, Texas",31015.0,49986.0,22.98154391177647,28.595397890699903,5.216293907312627
48275,"Knox County, Texas",3384.0,50163.0,14.945533769063179,9.762050030506407,3.604193971166448
48277,"Lamar County, Texas",49932.0,51561.0,19.493508012633058,16.85823754789272,3.322891974263461
48279,"Lamb County, Texas",13147.0,50041.0,12.649222235620403,18.271013597033374,3.0880536439033
48281,"Lampasas County, Texas",21443.0,66506.0,18.19493637675456,9.178971127621557,6.524822695035461
48283,"La Salle County, Texas",6956.0,61042.0,7.734086465348685,22.873220787818603,1.4902560183416125
48285,"Lavaca County, Texas",20287.0,57602.0,17.88629528855793,9.417446423181406,3.1625091326583865
48287,"Lee County, Texas",17393.0,60750.0,14.290356649605979,11.76366946614201,2.783882783882784
48289,"Leon County, Texas",15877.0,48676.0,17.213921445826248,18.29052258635961,6.291339793877865
48291,"Liberty County, Texas",89948.0,53871.0,9.862612965574884,14.956785882182766,8.090614886731391
48293,"Limestone County, Texas",22252.0,49507.0,15.682465682465683,19.128453167147242,4.325728484300881
48295,"Lipscomb County, Texas",3138.0,66250.0,25.461254612546124,11.368833714472395,5.870841487279844
48297,"Live Oak County, Texas",11378.0,52870.0,12.782791445172457,18.995085748671144,3.612073231073726
48299,"Llano County, Texas",21246.0,62839.0,30.802241029920136,9.1479053861499,4.17855919625528
48301,"Loving County, Texas",83.0,-666666666.0,0.0,1.2048192771084338,0.0
48303,"Lubbock County, Texas",308580.0,56529.0,32.13210259100771,17.693623077934912,4.415269210696747
48305,"Lynn County, Texas",5587.0,49747.0,23.104494072236008,15.877336236617673,3.241430700447094
48307,"McCulloch County, Texas",7676.0,46552.0,14.023157507811066,15.871743486973946,7.66531713900135
48309,"McLennan County, Texas",258031.0,53723.0,26.283427555103856,17.807578670729693,4.688998299744559
48311,"McMullen County, Texas",729.0,63056.0,15.384615384615385,12.208504801097392,3.3783783783783785
48313,"Madison County, Texas",13579.0,59923.0,11.831979478409577,12.598915266293234,7.287201469687692
48315,"Marion County, Texas",9748.0,43153.0,15.341308937368051,18.293819235945747,11.667951683371884
48317,"Martin County, Texas",5213.0,69194.0,21.006493506493506,13.307543520309478,5.734323432343234
48319,"Mason County, Texas",3948.0,73186.0,34.948604992657856,4.873096446700507,3.4897025171624714
48321,"Matagorda County, Texas",36323.0,48566.0,19.786680104140423,20.031163916636523,6.263074484944532
48323,"Maverick County, Texas",57769.0,44502.0,15.996726082211712,25.04256280184844,6.9979417818288745
48325,"Medina County, Texas",50458.0,67180.0,22.590113889867325,11.93921401731404,3.001489790552975
48327,"Menard County, Texas",1981.0,40341.0,27.1645736946464,18.900873138161273,8.58050847457627
48329,"Midland County, Texas",166964.0,88210.0,28.771223963346554,11.08803332889271,3.2645420509542507
48331,"Milam County, Texas",24895.0,52810.0,16.205955629374778,16.158598960677605,6.328665130296046
48333,"Mills County, Texas",4520.0,53483.0,24.74896633195511,8.474965548920533,2.4281466798810705
48335,"Mitchell County, Texas",8903.0,50144.0,9.92681553762432,9.910664433277498,1.994134897360704
48337,"Montague County, Texas",19850.0,59127.0,17.500536826283014,12.425126708646905,6.968962732202607
48339,"Montgomery County, Texas",607999.0,88597.0,36.3743304485963,8.841045419138453,4.5596791689951015
48341,"Moore County, Texas",21494.0,55543.0,12.946428571428573,11.72665916760405,2.030104971281442
48343,"Morris County, Texas",11988.0,46468.0,12.852969814995133,14.55814745445258,5.709935287400076
48345,"Motley County, Texas",1269.0,59286.0,21.59214830970556,7.249802994483845,3.6163522012578615
48347,"Nacogdoches County, Texas",64822.0,47306.0,24.69706632653061,23.141398192629424,7.440583216188826
48349,"Navarro County, Texas",51908.0,50466.0,16.64932362122789,14.085476134308406,5.083754542796274
48351,"Newton County, Texas",12532.0,38116.0,8.294511987274173,23.95049745207474,10.367957071674972
48353,"Nolan County, Texas",14727.0,44700.0,16.31190727081138,16.225165562913908,7.950609847914471
48355,"Nueces County, Texas",353594.0,59477.0,21.944812867492992,17.183987687287182,5.906418093978193
48357,"Ochiltree County, Texas",10063.0,57413.0,18.831923013107684,12.024048096192384,1.924985116094463
48359,"Oldham County, Texas",2251.0,68077.0,23.83853769992384,12.159911160466407,1.5182186234817814
48361,"Orange County, Texas",85045.0,68756.0,16.764416660813374,11.999476732431887,5.368627548359862
48363,"Palo Pinto County, Texas",28303.0,59796.0,17.47261830956809,13.90051139005114,6.882716049382716
48365,"Panola County, Texas",22583.0,54853.0,13.510693792383933,13.555876772969555,2.798053527980535
48367,"Parker County, Texas",144803.0,88535.0,28.92879788909571,7.785584689424242,4.308073980125158
48369,"Parmer County, Texas",9874.0,62885.0,18.01381970110879,10.89868111645026,2.2235948116121063
48371,"Pecos County, Texas",15202.0,55652.0,11.479289940828401,21.892666305273757,1.3114754098360655
48373,"Polk County, Texas",49372.0,52826.0,13.063340807174889,15.891818914269537,9.458044572967044
48375,"Potter County, Texas",119043.0,45096.0,15.825891380564928,20.450049015239284,3.57300821138055
48377,"Presidio County, Texas",6328.0,26395.0,17.77503090234858,33.89213980705361,7.839056538328131
48379,"Rains County, Texas",12013.0,55758.0,18.839605734767026,11.617178325784264,3.8678182500938787
48381,"Randall County, Texas",139176.0,70544.0,32.2222584962946,9.748911657358954,3.152642934196332
48383,"Reagan County, Texas",3363.0,62829.0,13.7448132780083,8.178550029958059,6.359781950333132
48385,"Real County, Texas",2852.0,44083.0,16.002019182231198,26.09838527975967,1.4130434782608696
48387,"Red River County, Texas",11685.0,40674.0,14.734271426910105,21.401893511682445,4.3049139017219655
48389,"Reeves County, Texas",14584.0,53548.0,9.544892915980231,17.44573672123861,6.521739130434782
48391,"Refugio County, Texas",6822.0,50745.0,10.391534391534393,15.545903849033998,5.598866052445074
48393,"Roberts County, Texas",724.0,62717.0,25.892857142857146,11.830985915492958,0.0
48395,"Robertson County, Texas",16839.0,55709.0,17.82566966233313,15.77683022040718,9.44257891202149
48397,"Rockwall County, Texas",105227.0,111595.0,43.776686437096515,3.922976064007963,3.6098887338556764
48399,"Runnels County, Texas",9887.0,52103.0,17.623791385877528,13.14089203834931,1.968073474743057
48401,"Rusk County, Texas",52542.0,60330.0,15.958480197607617,11.710548241959673,6.0831434590086415
48403,"Sabine County, Texas",9974.0,41308.0,18.491163281456082,19.4788075441087,10.223924572775486
48405,"San Augustine County, Texas",7964.0,43130.0,12.06480523957256,25.071041074657714,11.36438718202841
48407,"San Jacinto County, Texas",27380.0,46678.0,14.321282224181752,16.997427416391034,7.724848261909141
48409,"San Patricio County, Texas",68600.0,59532.0,16.585354835795275,15.669578843112037,4.285900953874298
48411,"San Saba County, Texas",5775.0,46927.0,16.965865992414663,10.99609375,3.3557046979865772
48413,"Schleicher County, Texas",2547.0,61094.0,16.763678696158323,11.700039261876718,15.996578272027373
48415,"Scurry County, Texas",16985.0,53376.0,15.756914119359532,13.207924754852913,2.912904165452957
48417,"Shackelford County, Texas",3145.0,54896.0,32.821943282194326,10.632830067459043,7.202039515615041
48419,"Shelby County, Texas",24254.0,44504.0,14.188932506014943,23.636968085106382,5.9672762271414825
48421,"Sherman County, Texas",2357.0,55667.0,20.240354206198607,11.632916846186989,1.8356643356643356
48423,"Smith County, Texas",231429.0,62518.0,27.970210722297878,13.634391079857943,4.881898141580366
48425,"Somervell County, Texas",9170.0,89253.0,28.18562781313053,10.813525276196852,5.394285714285714
48427,"Starr County, Texas",65568.0,33334.0,12.274110839937476,32.60709123896799,12.103042416167
48429,"Stephens County, Texas",9142.0,46537.0,18.603906500160104,14.954769266002518,6.520090978013647
48431,"Sterling County, Texas",1391.0,55481.0,18.757763975155278,4.481998530492285,0.0
48433,"Stonewall County, Texas",1358.0,62273.0,14.661654135338345,7.18608169440242,2.1052631578947367
48435,"Sutton County, Texas",3417.0,61538.0,19.16083916083916,12.154208357857563,4.081632653061225
48437,"Swisher County, Texas",7055.0,39685.0,16.318172019831863,24.910477969796048,6.213872832369942
48439,"Tarrant County, Texas",2091953.0,73545.0,33.39352794111423,11.272702447659272,5.038549991948019
48441,"Taylor County, Texas",141739.0,57811.0,27.861895591406526,14.02297495449957,2.59577687598872
48443,"Terrell County, Texas",979.0,47012.0,20.617283950617285,5.107252298263535,0.0
48445,"Terry County, Texas",11937.0,47734.0,11.730404122592894,22.271016311166875,7.950664136622391
48447,"Throckmorton County, Texas",1426.0,47500.0,23.18407960199005,18.022440392706873,5.937921727395412
48449,"Titus County, Texas",31327.0,53818.0,16.91560476289952,16.94379994844032,4.997902977771564
48451,"Tom Green County, Texas",119048.0,62052.0,25.097176960226157,11.810270801427041,3.564917306941008
48453,"Travis County, Texas",1267795.0,85043.0,52.69925707480293,11.227557202867912,4.295908043280337
48455,"Trinity County, Texas",13695.0,45392.0,13.357436979009742,16.75055514433753,8.404503105590063
48457,"Tyler County, Texas",20032.0,49130.0,14.755586592178771,19.054312380524006,16.19449741214928
48459,"Upshur County, Texas",40781.0,55046.0,17.27660489623284,15.460256760447965,4.786076867295142
48461,"Upton County, Texas",3340.0,58333.0,11.949685534591195,16.859756097560975,5.193075898801598
48463,"Uvalde County, Texas",24918.0,51602.0,18.422593869981128,19.24055829228243,5.04746257758306
48465,"Val Verde County, Texas",47767.0,51949.0,19.56574520481426,17.115917672479647,4.033551817390109
48467,"Van Zandt County, Texas",58782.0,61121.0,17.682285937767347,12.110846204346775,3.689259808127291
48469,"Victoria County, Texas",91280.0,60598.0,19.354244160718476,16.190167742511893,4.61471979621543
48471,"Walker County, Texas",76506.0,44104.0,20.061889643531728,20.614397672034652,4.598662207357859
48473,"Waller County, Texas",55505.0,65379.0,25.213100044863168,12.41654248834014,4.555913483663138
48475,"Ward County, Texas",11375.0,66216.0,10.880247086901585,13.742353045482755,5.743740795287187
48477,"Washington County, Texas",35561.0,65913.0,28.059187019210558,9.772510719390185,4.805398801559137
48479,"Webb County, Texas",266963.0,54618.0,19.42944690872355,22.908124439194484,5.7731427835715206
48481,"Wharton County, Texas",41602.0,53963.0,18.621744645921943,14.518648701425501,6.002728512960437
48483,"Wheeler County, Texas",5091.0,52138.0,17.444933920704848,17.412045319022063,3.835508105970739
48485,"Wichita County, Texas",129419.0,53272.0,23.069128982063376,16.550835445212833,4.27079160632299
48487,"Wilbarger County, Texas",12887.0,45262.0,15.320270425117451,18.139911039223616,8.650355169692187
48489,"Willacy County, Texas",20423.0,39401.0,9.596426370918053,25.97334726940162,7.935785039280428
48491,"Williamson County, Texas",591759.0,94705.0,44.80269331653805,6.297958863939021,4.51286429238659
48493,"Wilson County, Texas",49374.0,84042.0,24.01358922398379,9.804806036250307,3.85241454150841
48495,"Winkler County, Texas",7629.0,67904.0,10.151187904967603,12.153376675069657,2.153040442246145
48497,"Wise County, Texas",67877.0,75482.0,18.707475551860682,9.988303742802303,4.619091859249797
48499,"Wood County, Texas",44615.0,58418.0,20.431338572931494,13.602085466902523,4.575455867546705
48501,"Yoakum County, Texas",7707.0,73102.0,10.765295246216159,11.288439081354612,3.5735037768739106
48503,"Young County, Texas",17894.0,52074.0,25.676110753380556,14.180248736441591,3.2760338814150476
48505,"Zapata County, Texas",13945.0,34406.0,11.917756060413758,35.15737799595726,8.317686819376643
48507,"Zavala County, Texas",9900.0,44573.0,14.77137514873364,29.73193354398125,3.6548693037242654
49001,"Beaver County, Utah",6962.0,74569.0,26.76333251413124,5.683156654888104,5.124835742444152
49003,"Box Elder County, Utah",56891.0,67486.0,24.430025070048668,7.046813630090938,2.652688131925531
49005,"Cache County, Utah",131703.0,65670.0,39.02010685954964,13.880204687913148,2.552820867058099
49007,"Carbon County, Utah",20208.0,51725.0,16.673019745368606,16.260366926363407,6.773719326020582
49009,"Daggett County, Utah",564.0,49792.0,19.263456090651555,6.019417475728155,2.072538860103627
49011,"Davis County, Utah",358831.0,92765.0,38.046870190691315,5.503924955414192,2.408425361924099
49013,"Duchesne County, Utah",19651.0,66463.0,14.522391923375617,13.22699259412709,5.272088231729487
49015,"Emery County, Utah",9839.0,61234.0,15.12808119864669,12.547489475305474,4.2047984170170665
49017,"Garfield County, Utah",5061.0,45724.0,25.15598411798071,15.626283367556468,4.874835309617918
49019,"Grand County, Utah",9630.0,51433.0,26.88217779668226,14.838439820140122,1.207860104561024
49021,"Iron County, Utah",55839.0,56308.0,29.208536702076753,15.339932321166827,4.162401910610713
49023,"Juab County, Utah",11648.0,74741.0,21.068702290076335,11.269317589859352,2.3511849225601793
49025,"Kane County, Utah",7635.0,56395.0,30.13038042507591,12.491550628633231,3.460587750617962
49027,"Millard County, Utah",12860.0,66304.0,23.51361718450326,12.599354686393326,3.110173958882446
49029,"Morgan County, Utah",12162.0,112721.0,39.661515820456216,1.8018759256211947,1.2902019446522064
49031,"Piute County, Utah",1809.0,33611.0,20.254169976171564,19.865319865319865,5.623100303951368
49033,"Rich County, Utah",2507.0,67396.0,23.35127860026918,7.074340527577938,3.0752916224814424
49035,"Salt Lake County, Utah",1173331.0,82206.0,37.12586156794318,8.391133199730954,3.856301315128722
49037,"San Juan County, Utah",14610.0,52400.0,20.570587569342237,21.229089381955625,11.083291604072777
49039,"Sanpete County, Utah",28458.0,60186.0,22.96966161026838,13.227698163035459,3.8467794404684454
49041,"Sevier County, Utah",21471.0,60262.0,21.796955814984482,12.191314220834517,5.408479834539814
49043,"Summit County, Utah",42156.0,116351.0,55.16950641138239,5.26215534073051,1.883583485692419
49045,"Tooele County, Utah",71340.0,87557.0,23.016556608287875,4.751711721928469,4.042495232906565
49047,"Uintah County, Utah",35488.0,61293.0,17.30594697874373,12.427284133683129,6.270385409039473
49049,"Utah County, Utah",648265.0,82893.0,42.288450323808355,9.290582946896745,3.5596168146080873
49051,"Wasatch County, Utah",34028.0,94044.0,44.24731444125796,5.064299197734781,2.300297550926986
49053,"Washington County, Utah",176533.0,65040.0,30.50185019888555,9.194104123788174,3.1745004658867377
49055,"Wayne County, Utah",2500.0,55605.0,21.77601809954751,9.761036857027136,0.5208333333333333
49057,"Weber County, Utah",259390.0,74345.0,26.294973365138613,8.362581309373391,3.3716537653720837
50001,"Addison County, Vermont",37306.0,77978.0,42.25736935272839,6.9971613356354805,4.043560606060606
50003,"Bennington County, Vermont",37235.0,63448.0,38.500319801346926,11.265251546047134,4.389478242043732
50005,"Caledonia County, Vermont",30402.0,55159.0,30.868846436443793,12.610656988773192,3.5579927309825927
50007,"Chittenden County, Vermont",167523.0,81957.0,54.11509678347844,11.279200096251877,3.759199772292929
50009,"Essex County, Vermont",5972.0,48194.0,19.90344524906737,14.709828916470983,5.4774774774774775
50011,"Franklin County, Vermont",49752.0,68476.0,27.307648205481023,9.397756546785939,3.6174448743473198
50013,"Grand Isle County, Vermont",7249.0,85154.0,42.40598758671048,6.538301703837096,4.069919123402035
50015,"Lamoille County, Vermont",25920.0,66016.0,42.47326569783383,10.481922939848731,3.9118797611694465
50017,"Orange County, Vermont",29286.0,67906.0,34.2242774566474,9.471334914213978,3.0806996011046333
50019,"Orleans County, Vermont",27317.0,58037.0,27.2863568215892,10.357751277683134,5.930366945969373
50021,"Rutland County, Vermont",60662.0,59751.0,32.06976691712358,10.45727136431784,4.334206993543438
50023,"Washington County, Vermont",59609.0,70128.0,43.9883729107574,9.993010658745414,3.110825058232193
50025,"Windham County, Vermont",45811.0,59195.0,40.85066329382004,13.418117519042438,4.661120626376316
50027,"Windsor County, Vermont",57593.0,63787.0,40.20888333101755,9.054396843291995,3.588091162353573
51001,"Accomack County, Virginia",33388.0,50601.0,21.005892944835487,16.90851925751255,3.8192150125545132
51003,"Albemarle County, Virginia",111438.0,90568.0,58.91485127637422,6.883413275568621,3.3079327176317728
51005,"Alleghany County, Virginia",15266.0,49705.0,15.30103313145707,13.963544438531134,3.2356068661704387
51007,"Amelia County, Virginia",13220.0,57420.0,17.69367115003649,11.11534069280548,4.33170152796321
51009,"Amherst County, Virginia",31381.0,60876.0,21.814493009306226,11.28178312307994,5.044136191677175
51011,"Appomattox County, Virginia",16039.0,55268.0,19.501453360345284,13.303269447576099,3.7098419173890873
51013,"Arlington County, Virginia",235764.0,128145.0,76.30406336286654,6.464043489293256,2.8377453070294436
51015,"Augusta County, Virginia",76948.0,69082.0,22.572781232334652,8.366129585190265,3.042804214730536
51017,"Bath County, Virginia",4243.0,55807.0,18.62627474505099,19.176442422791474,1.7185821697099892
51019,"Bedford County, Virginia",79183.0,70870.0,30.964308077645587,8.762899732449995,3.130126819614073
51021,"Bland County, Virginia",6278.0,54556.0,13.344149259785034,11.829176114890402,3.969270166453265
51023,"Botetourt County, Virginia",33542.0,72941.0,27.376717865804366,6.722106722106721,3.0501862032275224
51025,"Brunswick County, Virginia",16044.0,49597.0,16.11162633842003,17.77350964024525,6.885919835560124
51027,"Buchanan County, Virginia",20615.0,37093.0,11.346697507067592,25.239276852180076,5.837219798405296
51029,"Buckingham County, Virginia",16832.0,49841.0,11.753051196703122,14.784601901166319,7.018561484918793
51031,"Campbell County, Virginia",55656.0,53918.0,24.01595413187087,9.448933537162409,4.399224096914687
51033,"Caroline County, Virginia",30861.0,76528.0,21.98286066000663,10.834838171968329,3.7717659818039406
51035,"Carroll County, Virginia",29123.0,45220.0,15.182121475252503,15.18856195607128,5.050352086014992
51036,"Charles City County, Virginia",6817.0,59543.0,15.577138587971609,12.338235294117647,3.3460522453771646
51037,"Charlotte County, Virginia",11605.0,45567.0,15.129965669445808,19.137703475582928,4.111540810095664
51041,"Chesterfield County, Virginia",359798.0,88315.0,41.354588567826255,6.911319979050632,4.684918208856576
51043,"Clarke County, Virginia",14726.0,86633.0,35.211529521152954,5.8159542982999515,3.7017589918613805
51045,"Craig County, Virginia",4914.0,60283.0,20.733788395904437,14.219991635299037,1.3565891472868217
51047,"Culpeper County, Virginia",52021.0,85274.0,26.535858109844913,7.213485823207052,4.154391198955809
51049,"Cumberland County, Virginia",9669.0,57568.0,17.349197565024905,7.1258661702347705,2.7302441838108056
51051,"Dickenson County, Virginia",14256.0,33905.0,10.401061913340286,21.175447496195375,4.560697518443997
51053,"Dinwiddie County, Virginia",28040.0,68918.0,17.573074407606782,10.517032300738617,6.153190279948842
51057,"Essex County, Virginia",10621.0,54375.0,15.863506121385779,16.095662902154313,8.57200080112157
51059,"Fairfax County, Virginia",1146825.0,133974.0,63.52889560845079,6.1318639579233905,4.091340258658584
51061,"Fauquier County, Virginia",72416.0,111368.0,37.694816237520754,5.875903798381836,2.88269085804892
51063,"Floyd County, Virginia",15536.0,51612.0,21.149543968335916,9.27328026920339,3.3523086654016447
51065,"Fluvanna County, Virginia",27078.0,82983.0,36.268963100185246,4.567157169693175,2.8268551236749118
51067,"Franklin County, Virginia",54829.0,59667.0,22.56294626080421,13.309745172582527,2.8508503609445732
51069,"Frederick County, Virginia",90287.0,84317.0,27.603110479505645,6.741027580523161,3.699512534818942
51071,"Giles County, Virginia",16764.0,57911.0,18.542503483892123,10.258111204920999,2.0465592223074958
51073,"Gloucester County, Virginia",38586.0,77733.0,25.286134438893022,7.4516001580403,3.2783557472722658
51075,"Goochland County, Virginia",24300.0,100517.0,46.070298002401486,4.193576164643073,3.1486681984511953
51077,"Grayson County, Virginia",15418.0,43022.0,15.60247167868177,17.55509641873278,4.6106870229007635
51079,"Greene County, Virginia",20374.0,73844.0,28.586609989373006,10.079012345679013,4.002917844442418
51081,"Greensville County, Virginia",11465.0,53063.0,10.925799863852962,11.37852972715358,8.872598584428717
51083,"Halifax County, Virginia",34228.0,45962.0,16.357238199247664,15.105722135945527,4.9516494067622245
51085,"Hanover County, Virginia",109232.0,96911.0,40.543925332208396,5.468800923727314,3.14158174008254
51087,"Henrico County, Virginia",331924.0,76345.0,44.94874345776201,8.148451854888918,4.0550796328752465
51089,"Henry County, Virginia",51077.0,41103.0,15.148115500707856,14.885655713233684,5.847953216374268
51091,"Highland County, Virginia",2229.0,52901.0,28.080568720379144,12.624434389140271,16.118769883351007
51093,"Isle of Wight County, Virginia",38301.0,84673.0,29.134660890458335,8.82129077976956,5.542417972214012
51095,"James City County, Virginia",77733.0,94907.0,50.48007809033632,6.908480836508824,4.331066973606724
51097,"King and Queen County, Virginia",6690.0,61672.0,21.278625954198475,14.266467065868262,3.236894872529361
51099,"King George County, Virginia",26597.0,101599.0,34.904537986516345,6.499143346659052,2.814710042432815
51101,"King William County, Virginia",17511.0,74592.0,24.92134459347574,7.74850437183617,2.9783203536097664
51103,"Lancaster County, Virginia",10916.0,64460.0,33.34484346224678,10.892010045577155,11.613475177304965
51105,"Lee County, Virginia",22482.0,37574.0,10.790264600153222,26.17375937335817,9.396825396825397
51107,"Loudoun County, Virginia",413574.0,156821.0,62.97806629585764,3.32378446468783,3.337618947286949
51109,"Louisa County, Virginia",37136.0,70974.0,25.82285945965869,10.797817749689408,6.149428401148615
51111,"Lunenburg County, Virginia",11982.0,47269.0,11.755918179728798,14.018268969883332,4.758986928104575
51113,"Madison County, Virginia",13731.0,72349.0,24.667533246675333,8.65845563832141,5.0154434475658185
51115,"Mathews County, Virginia",8548.0,73229.0,29.889700170887057,8.044890726520968,6.899372784292337
51117,"Mecklenburg County, Virginia",30347.0,46378.0,22.348030726877134,17.923437818725777,3.4090909090909087
51119,"Middlesex County, Virginia",10686.0,63782.0,27.127281346290587,9.763198757763975,6.154473201548808
51121,"Montgomery County, Virginia",99294.0,60666.0,45.89929581193413,24.771102610712735,3.5385494486889164
51125,"Nelson County, Virginia",14795.0,67707.0,30.28427943682181,12.50169491525424,4.710500490677134
51127,"New Kent County, Virginia",22519.0,101628.0,32.764691597863035,4.637972830810044,3.070394408387419
51131,"Northampton County, Virginia",12226.0,50347.0,28.082719172808275,16.48838375396958,5.28424265547501
51133,"Northumberland County, Virginia",11965.0,61291.0,33.856237240786506,15.545302013422818,7.329724853405503
51135,"Nottoway County, Virginia",15667.0,54614.0,16.323816279482177,16.539951226509828,5.80226904376013
51137,"Orange County, Virginia",36001.0,79211.0,26.120218579234972,11.327649208282581,4.971265971098588
51139,"Page County, Virginia",23734.0,53168.0,14.607323813910641,12.334352701325178,4.316797214969538
51141,"Patrick County, Virginia",17661.0,47215.0,16.397790055248617,10.785279629093017,2.8575025176233635
51143,"Pittsylvania County, Virginia",60833.0,49486.0,14.24328397907616,15.169955956023266,5.360609764866614
51145,"Powhatan County, Virginia",29979.0,101395.0,31.069466595782387,4.480673720578709,1.865572902884361
51147,"Prince Edward County, Virginia",21887.0,49019.0,24.996019742079287,23.57330723591657,4.46343779677113
51149,"Prince George County, Virginia",42170.0,78895.0,24.40153645654709,9.249759538313562,6.4967490247074124
51153,"Prince William County, Virginia",477224.0,113831.0,42.744115879940445,5.799242303651587,4.8149686579563475
51155,"Pulaski County, Virginia",33893.0,55446.0,19.64909526239353,12.839763429657095,3.7235058239450067
51157,"Rappahannock County, Virginia",7400.0,90307.0,31.831938757343774,6.105520805004079,3.6885245901639343
51159,"Richmond County, Virginia",8902.0,57697.0,17.46909090909091,10.303448275862069,2.689335394126739
51161,"Roanoke County, Virginia",96303.0,74622.0,37.40807767436516,6.923641937853288,2.901758014477766
51163,"Rockbridge County, Virginia",22663.0,57828.0,28.178128125183832,10.299968706692297,5.260164913278363
51165,"Rockingham County, Virginia",83090.0,67484.0,27.68244852220199,7.601005743584686,3.127610208816705
51167,"Russell County, Virginia",25932.0,41100.0,12.173189874733614,18.49988298619237,6.853484466834593
51169,"Scott County, Virginia",21576.0,42561.0,14.048610679430595,15.369030390738061,4.012309149011718
51171,"Shenandoah County, Virginia",44037.0,58609.0,20.403182351263112,11.391011081285704,3.9082999585692586
51173,"Smyth County, Virginia",29960.0,42588.0,15.9640887754637,18.925743925743927,3.848575476152999
51175,"Southampton County, Virginia",18028.0,65079.0,19.284487265665845,6.797054207412772,6.284348864994025
51177,"Spotsylvania County, Virginia",138493.0,98973.0,33.452686525312224,7.1114630478529035,5.936097745580365
51179,"Stafford County, Virginia",154204.0,119818.0,42.30850838107363,5.112973445073371,3.915611404127069
51181,"Surry County, Virginia",6563.0,61105.0,22.626262626262626,14.782608695652174,6.4110070257611245
51183,"Sussex County, Virginia",10960.0,56968.0,13.193163654248124,10.520169851380043,5.762429789889744
51185,"Tazewell County, Virginia",40615.0,42937.0,16.24762808349146,17.59707184724462,6.396833503575077
51187,"Warren County, Virginia",40442.0,72840.0,22.48045486851457,10.898907586346091,5.95186207564531
51191,"Washington County, Virginia",53997.0,54737.0,24.650397587057856,12.713258358197537,4.772390599351403
51193,"Westmoreland County, Virginia",18324.0,53113.0,16.534285506084675,16.34015782793444,11.29188926663429
51195,"Wise County, Virginia",36531.0,44884.0,14.60519787810556,19.726527437017534,10.615696414843805
51197,"Wythe County, Virginia",28347.0,52726.0,19.610196341990303,15.243967637309764,5.134874043248867
51199,"York County, Virginia",69635.0,96144.0,48.537391894183486,4.851302486901336,4.152595034177181
51510,"Alexandria city, Virginia",158185.0,105450.0,65.18388148840157,9.577191448069815,3.1481391625018196
51520,"Bristol city, Virginia",16996.0,43879.0,23.42987308818744,17.715924023414168,3.686635944700461
51530,"Buena Vista city, Virginia",6649.0,42156.0,19.491939423546654,21.432074546346247,1.2926748425588332
51540,"Charlottesville city, Virginia",46597.0,63470.0,57.97453203444493,23.0916073904052,4.290262463115391
51550,"Chesapeake city, Virginia",247172.0,85563.0,35.485364782862334,7.952922922014147,4.748812026832406
51570,"Colonial Heights city, Virginia",18127.0,65570.0,25.944544811876526,8.987695749440716,6.422413793103448
51580,"Covington city, Virginia",5716.0,41242.0,13.812561334641806,15.834522111269614,3.4266610948600085
51590,"Danville city, Virginia",42556.0,38904.0,18.10502128809894,23.096378802986454,6.023495511470686
51595,"Emporia city, Virginia",5761.0,36111.0,12.343423799582464,21.480951529243427,15.909972836631741
51600,"Fairfax city, Virginia",23980.0,118492.0,61.37572607765209,10.065201433567943,3.609847664428561
51610,"Falls Church city, Virginia",14494.0,155071.0,78.69877049180329,2.4801381692573403,5.065225055823246
51620,"Franklin city, Virginia",8249.0,49424.0,21.043508407002946,19.787942300579463,8.473670141673349
51630,"Fredericksburg city, Virginia",28027.0,72293.0,42.67874053030303,14.288506645817044,4.947804064488233
51640,"Galax city, Virginia",6681.0,39808.0,17.87047200878156,21.945912340690086,5.142857142857142
51650,"Hampton city, Virginia",136748.0,59380.0,27.31458246961531,14.363654249241408,5.484105134842695
51660,"Harrisonburg city, Virginia",52062.0,51055.0,34.548741901461504,25.805877906718244,5.317454297200941
51670,"Hopewell city, Virginia",23020.0,44209.0,11.40403039312851,23.98562790290071,8.453570107288199
51678,"Lexington city, Virginia",7287.0,66114.0,60.5081555834379,22.80417149478563,3.4394438346139777
51680,"Lynchburg city, Virginia",78973.0,54015.0,38.2771874293466,17.60298537803656,6.02546899921517
51683,"Manassas city, Virginia",42596.0,101934.0,32.1087993064586,5.617183635978238,4.930706912859317
51685,"Manassas Park city, Virginia",17081.0,90544.0,25.607794065069715,4.402218812699163,3.003875968992248
51690,"Martinsville city, Virginia",13476.0,36832.0,22.123695139746324,25.367534456355283,5.453306066802999
51700,"Newport News city, Virginia",185069.0,57463.0,28.121722628223267,15.77232092339029,5.145835868727435
51710,"Norfolk city, Virginia",238556.0,56244.0,31.802471442297424,17.400222042413866,5.618501924292032
51720,"Norton city, Virginia",3696.0,35592.0,21.867966991747938,28.281164195496977,8.241082410824108
51730,"Petersburg city, Virginia",33229.0,44890.0,22.03780143384749,21.331422298121495,11.761165282292042
51735,"Poquoson city, Virginia",12382.0,112026.0,40.90752836026126,4.41939669153422,1.5775769643130648
51740,"Portsmouth city, Virginia",97454.0,54020.0,20.979639112411608,17.16557480415941,5.791928029052492
51750,"Radford city, Virginia",16205.0,44360.0,40.43891342165128,35.38980509745128,7.252225519287833
51760,"Richmond city, Virginia",225676.0,54795.0,43.08577144286072,19.78496909970833,5.954342749588023
51770,"Roanoke city, Virginia",99578.0,48476.0,26.806673433501548,18.398433915517085,6.33607740626585
51775,"Salem city, Virginia",25335.0,66472.0,32.15389099387934,9.954453884558115,3.6153671975243413
51790,"Staunton city, Virginia",25358.0,53041.0,30.32197904667873,12.279900332225914,5.1506849315068495
51800,"Suffolk city, Virginia",93268.0,81883.0,30.988647114474926,9.596052304801805,6.234464773236625
51810,"Virginia Beach city, Virginia",457658.0,81810.0,38.617332654619496,7.816507448548269,3.920558231080081
51820,"Waynesboro city, Virginia",22149.0,47238.0,27.9354050054687,16.55308054704295,4.566652001759789
51830,"Williamsburg city, Virginia",15299.0,65297.0,50.439588043205234,15.458033124356696,6.061456433281886
51840,"Winchester city, Virginia",28194.0,61321.0,33.696229421136486,13.268536926588617,3.997689938398357
53001,"Adams County, Washington",20353.0,54573.0,13.718052921520815,20.845126371716567,7.428636936833659
53003,"Asotin County, Washington",22285.0,57263.0,23.684210526315788,13.00344702467344,5.542004097960777
53005,"Benton County, Washington",204551.0,76612.0,32.12841729597868,10.554257804204713,4.972027176554534
53007,"Chelan County, Washington",78508.0,64895.0,28.55892431466031,10.700531935446477,4.0241448692152915
53009,"Clallam County, Washington",76727.0,60044.0,30.018282154585773,12.260116675025737,6.093515272909364
53011,"Clark County, Washington",496494.0,82719.0,31.96006026409855,9.091352782556706,5.3331790837575195
53013,"Columbia County, Washington",3969.0,64688.0,26.81325894322284,9.287531806615776,2.5826446280991737
53015,"Cowlitz County, Washington",109457.0,64506.0,17.01323251417769,12.753231361801415,6.1350072031282155
53017,"Douglas County, Washington",42622.0,68979.0,21.192641000142064,9.666925959974543,3.896601244614648
53019,"Ferry County, Washington",7198.0,45907.0,17.915071988336067,14.977540707467716,7.198228128460686
53021,"Franklin County, Washington",95313.0,72452.0,19.795475113122173,15.075056238103478,5.639715681919147
53023,"Garfield County, Washington",2278.0,50625.0,25.420673076923077,9.23213493120284,10.95617529880478
53025,"Grant County, Washington",97874.0,63566.0,18.07558760683761,13.025010824965463,5.136933987997818
53027,"Grays Harbor County, Washington",74737.0,53615.0,16.318914646028272,15.13492979148493,6.902729819532218
53029,"Island County, Washington",85938.0,75628.0,34.972206248801996,7.6371912669645114,5.045118949958983
53031,"Jefferson County, Washington",32590.0,59968.0,42.708980024102544,14.166509818683732,7.583956708578704
53033,"King County, Washington",2240876.0,106326.0,54.02646662642822,8.425793644690021,4.603383675776166
53035,"Kitsap County, Washington",273072.0,84600.0,35.01500874422489,7.968208835584326,4.140671366327461
53037,"Kittitas County, Washington",44147.0,64134.0,35.32309049474381,14.796470390228656,6.656182258681515
53039,"Klickitat County, Washington",22478.0,59583.0,31.103300369355413,14.71546529792457,6.894785370351399
53041,"Lewis County, Washington",81214.0,60581.0,19.026134036719537,13.17362274625522,7.0415119436900735
53043,"Lincoln County, Washington",10798.0,62810.0,24.31133056133056,11.871076548299447,5.081433224755701
53045,"Mason County, Washington",64964.0,66325.0,18.72591344635148,12.797605053212333,6.309386697379788
53047,"Okanogan County, Washington",41966.0,51992.0,21.186813186813186,20.1475390010884,6.430850170705771
53049,"Pacific County, Washington",22974.0,54598.0,22.367984058452343,13.713678242381288,5.068661382159205
53051,"Pend Oreille County, Washington",13302.0,59134.0,22.14661305289205,11.15244457941087,6.487311581759206
53053,"Pierce County, Washington",910225.0,82574.0,28.41034711474685,8.783784541068217,4.8263263347532535
53055,"San Juan County, Washington",17631.0,68577.0,51.276198381406935,10.896147884493944,2.999392835458409
53057,"Skagit County, Washington",128228.0,75308.0,28.643271500099253,11.051982350987616,4.7578051395341285
53059,"Skamania County, Washington",11973.0,75565.0,25.873121131741822,9.515789473684212,6.059556786703601
53061,"Snohomish County, Washington",820024.0,95618.0,34.108357900325544,7.317832906886195,4.330625843969899
53063,"Spokane County, Washington",531477.0,64079.0,31.514618489080316,12.479527318204521,5.602481218135366
53065,"Stevens County, Washington",46057.0,57206.0,20.835094499124448,12.891611231860194,5.413944521795009
53067,"Thurston County, Washington",290642.0,81501.0,36.18860070289004,9.726543310954643,5.534458748004484
53069,"Wahkiakum County, Washington",4373.0,54422.0,21.29793510324484,10.595567867036012,4.298941798941799
53071,"Walla Walla County, Washington",62168.0,63686.0,28.387333414842892,11.073232985437317,6.273936355407004
53073,"Whatcom County, Washington",224533.0,70011.0,36.382982968337465,13.426613024755346,5.047356638539694
53075,"Whitman County, Washington",48197.0,43613.0,47.6478884924915,24.682391235698496,7.429581709326154
53077,"Yakima County, Washington",255151.0,58380.0,17.846771383213518,15.764332476871553,7.122421192326916
54001,"Barbour County, West Virginia",15600.0,42260.0,13.025525525525525,20.798235058162856,9.973507869721052
54003,"Berkeley County, West Virginia",120460.0,68101.0,23.400447427293063,10.717017288765245,4.789517879493639
54005,"Boone County, West Virginia",22059.0,50598.0,11.251910341314316,17.790253554829505,13.745569121701456
54007,"Braxton County, West Virginia",12702.0,42519.0,13.828316136581215,18.33711139896373,15.786202610316968
54009,"Brooke County, West Virginia",22603.0,51210.0,20.528790376747878,11.827211827211826,4.86284289276808
54011,"Cabell County, West Virginia",94622.0,43779.0,28.26920951674271,21.225592939878656,5.503193181548396
54013,"Calhoun County, West Virginia",6420.0,37428.0,10.213383053656514,28.393896492056005,11.169977924944813
54015,"Clay County, West Virginia",8176.0,37197.0,11.987887424296401,26.31121053939846,14.625719769673703
54017,"Doddridge County, West Virginia",7929.0,58750.0,13.126893301918546,15.199323848429355,4.944717444717445
54019,"Fayette County, West Virginia",41056.0,45988.0,16.371891305820967,21.02245459826728,7.288200665472229
54021,"Gilmer County, West Virginia",7516.0,45870.0,20.227975270479135,11.827242524916944,9.214285714285714
54023,"Grant County, West Virginia",11063.0,47224.0,11.407078554692317,12.109874064610331,6.615776081424936
54025,"Greenbrier County, West Virginia",33307.0,41694.0,18.974776240846218,18.853136576554512,5.615626089989536
54027,"Hampshire County, West Virginia",23214.0,50890.0,12.585233952504115,17.85095320623917,6.8527652429425965
54029,"Hancock County, West Virginia",29223.0,52062.0,17.78157627275247,14.145137174449737,9.459074733096086
54031,"Hardy County, West Virginia",14269.0,46592.0,13.154631307831727,18.258228563356408,2.4945770065075923
54033,"Harrison County, West Virginia",66222.0,54124.0,23.306371144088487,15.174773441834658,5.392708903117861
54035,"Jackson County, West Virginia",28011.0,53165.0,17.285058846997806,18.094380403458214,3.5515779557230336
54037,"Jefferson County, West Virginia",57542.0,86711.0,31.14819726274176,9.71109405949428,5.661628215327499
54039,"Kanawha County, West Virginia",181953.0,50574.0,27.373495805337285,16.443441996013778,5.896764585785315
54041,"Lewis County, West Virginia",16966.0,45345.0,16.035725991478202,17.174148513659887,8.337988826815643
54043,"Lincoln County, West Virginia",20625.0,46683.0,7.750136686714051,20.625061136652644,6.492399488563716
54045,"Logan County, West Virginia",32786.0,38493.0,11.226128105458848,25.693689214802845,15.803687837586141
54047,"McDowell County, West Virginia",19334.0,30127.0,6.384910932588195,28.927277793257172,13.450159308147475
54049,"Marion County, West Virginia",56256.0,55094.0,24.01551389786684,14.584430920156235,5.537821987974167
54051,"Marshall County, West Virginia",30813.0,52371.0,19.370534344452725,14.49160123248186,4.140817699379625
54053,"Mason County, West Virginia",25667.0,49957.0,14.735482482105377,16.53347255130316,2.6694872569759243
54055,"Mercer County, West Virginia",59892.0,43293.0,20.74748669426375,18.87331656313637,4.688214983984359
54057,"Mineral County, West Virginia",27045.0,57345.0,20.669817135812615,12.068636068330338,6.232363137950496
54059,"Mingo County, West Virginia",23821.0,35349.0,9.030966678441068,28.243180572536787,11.322348964934516
54061,"Monongalia County, West Virginia",105695.0,56466.0,46.387947269303204,19.284614307713845,6.188530267350049
54063,"Monroe County, West Virginia",12492.0,47417.0,14.9235807860262,14.44775158877001,11.440107671601615
54065,"Morgan County, West Virginia",17144.0,56616.0,19.477508115628382,7.971995057951403,7.24112056028014
54067,"Nicholas County, West Virginia",24770.0,42946.0,15.928912292249464,18.60332927324401,7.688396216820909
54069,"Ohio County, West Virginia",42443.0,51516.0,33.27527299524352,13.278431567685917,5.41920769497744
54071,"Pendleton County, West Virginia",6249.0,46506.0,16.538952745849297,16.096612092721674,5.598813496477568
54073,"Pleasants County, West Virginia",7623.0,58433.0,11.936005752291928,7.448763250883392,6.8925571966406025
54075,"Pocahontas County, West Virginia",8006.0,37225.0,13.918874713771674,17.482517482517483,9.341233879400487
54077,"Preston County, West Virginia",34266.0,55755.0,16.75023503603886,14.433646646487174,8.497129348193177
54079,"Putnam County, West Virginia",57385.0,68740.0,26.669463501307934,10.466852915854023,3.6056379065447794
54081,"Raleigh County, West Virginia",74929.0,43150.0,19.820897754678533,22.517897774571285,7.228996382151949
54083,"Randolph County, West Virginia",28150.0,47343.0,17.257625801437733,15.190459650341554,8.53351834186107
54085,"Ritchie County, West Virginia",8676.0,45184.0,9.64843134163645,18.168914123491838,5.104712041884817
54087,"Roane County, West Virginia",14129.0,38608.0,13.385518590998045,21.302829449077045,10.647095307008476
54089,"Summers County, West Virginia",12125.0,41077.0,17.224274406332455,22.558507830371283,7.516339869281046
54091,"Taylor County, West Virginia",16727.0,52823.0,16.017210586134112,16.220837913765727,10.83743842364532
54093,"Tucker County, West Virginia",6822.0,49808.0,20.612244897959183,9.857662023016353,6.987874920229737
54095,"Tyler County, West Virginia",8397.0,50601.0,15.263242634036386,12.046584981196167,6.504824151882975
54097,"Upshur County, West Virginia",23965.0,44470.0,16.25297310483625,20.02284810404675,5.597940110623688
54099,"Wayne County, West Virginia",39337.0,45591.0,17.177610409815777,17.330336389875097,4.719465262305043
54101,"Webster County, West Virginia",8415.0,37720.0,12.456917774495322,21.464525407478426,13.959044368600681
54103,"Wetzel County, West Virginia",14629.0,47611.0,14.517660463349792,18.757425396603537,6.4
54105,"Wirt County, West Virginia",5264.0,49441.0,14.068146618482189,20.872214816225483,3.020292590844738
54107,"Wood County, West Virginia",84678.0,50231.0,21.768954858757997,14.81818944743499,5.241626857399245
54109,"Wyoming County, West Virginia",21581.0,44630.0,11.631612492033142,25.343332552144364,7.9566279780085525
55001,"Adams County, Wisconsin",20505.0,51878.0,15.051082461688154,13.456655785273849,5.653836959120249
55003,"Ashland County, Wisconsin",16002.0,55070.0,19.056706652126497,15.980252046251787,5.468173998525437
55005,"Barron County, Wisconsin",46529.0,55256.0,20.59348437641792,11.952008391975173,2.884946606958319
55007,"Bayfield County, Wisconsin",16031.0,62859.0,33.52281955497807,11.178989797203679,3.9120126448893573
55009,"Brown County, Wisconsin",267364.0,68799.0,31.784419784754363,9.72770133743866,2.949035812672176
55011,"Buffalo County, Wisconsin",13314.0,61167.0,19.623185421599917,8.315661920630111,2.0433869839048286
55013,"Burnett County, Wisconsin",16356.0,55890.0,21.47624344509773,12.007179550659156,5.409212565150021
55015,"Calumet County, Wisconsin",52128.0,78453.0,30.235852987748977,6.062649302612314,2.276725304465494
55017,"Chippewa County, Wisconsin",65877.0,63172.0,23.387355755850052,9.634235320242363,2.769367764915405
55019,"Clark County, Wisconsin",34655.0,57547.0,12.980255516840883,11.905252317198764,3.104159088153268
55021,"Columbia County, Wisconsin",58219.0,73786.0,23.712356093926505,6.757899186304554,3.3480752460445995
55023,"Crawford County, Wisconsin",16167.0,54526.0,17.656090071647903,12.539754656974104,3.326970275429506
55025,"Dane County, Wisconsin",555474.0,78452.0,53.030735404827325,10.776512705061727,2.4063290086749793
55027,"Dodge County, Wisconsin",89274.0,66403.0,18.75425775685886,7.460828302285701,4.583619262907197
55029,"Door County, Wisconsin",29713.0,63856.0,34.40207972270364,8.632016065897409,3.4052439429140393
55031,"Douglas County, Wisconsin",44034.0,59688.0,26.579513800962268,11.018609206660138,3.9203702086789485
55033,"Dunn County, Wisconsin",45254.0,64420.0,29.78639240506329,11.46479957653626,3.8128804870233903
55035,"Eau Claire County, Wisconsin",105206.0,64777.0,33.26009625444654,12.785609151346918,3.570468445460044
55037,"Florence County, Wisconsin",4542.0,52143.0,20.634920634920633,10.091334372911561,7.012345679012346
55039,"Fond du Lac County, Wisconsin",103890.0,66390.0,22.967502065546682,8.476600997481409,3.5023766127014757
55041,"Forest County, Wisconsin",9184.0,51959.0,15.043044857272314,14.087501398679647,4.74498858157828
55043,"Grant County, Wisconsin",52210.0,58289.0,23.858838033595315,13.620792221378899,2.817932296431839
55045,"Green County, Wisconsin",37098.0,70267.0,24.480965574828254,7.291466790932266,3.3556721056721055
55047,"Green Lake County, Wisconsin",18990.0,60597.0,21.558810342250784,12.64306342924377,3.3923778851315083
55049,"Iowa County, Wisconsin",23715.0,73716.0,26.524025818790342,8.067606113499936,1.933764750666159
55051,"Iron County, Wisconsin",6074.0,48908.0,22.99773522750669,13.197713517148621,5.116279069767442
55053,"Jackson County, Wisconsin",21004.0,59422.0,16.067226890756302,12.951242975039237,5.1020408163265305
55055,"Jefferson County, Wisconsin",84808.0,71735.0,27.511138112596196,7.3493475392209575,3.6613985171647525
55057,"Juneau County, Wisconsin",26595.0,58561.0,15.479480094156175,14.656543170615361,4.307406259683917
55059,"Kenosha County, Wisconsin",168743.0,70073.0,29.269894648346163,11.29653948104375,5.739775000819968
55061,"Kewaunee County, Wisconsin",20535.0,72328.0,19.237079573420836,6.9909113239990175,1.734000715051841
55063,"La Crosse County, Wisconsin",120291.0,62817.0,35.178893178893176,12.17677357918885,2.7717898148572826
55065,"Lafayette County, Wisconsin",16662.0,65009.0,19.416791472116994,10.277206149376589,2.0403404453771716
55067,"Langlade County, Wisconsin",19469.0,53313.0,15.96184865698857,13.26881049016547,5.712760277629472
55069,"Lincoln County, Wisconsin",28378.0,61363.0,18.74645758549027,9.715870214987936,4.7459986082115515
55071,"Manitowoc County, Wisconsin",81103.0,61454.0,21.98129688623985,9.494168277926777,2.108887454271573
55073,"Marathon County, Wisconsin",137597.0,67940.0,26.64671911617007,7.863039952823235,3.194550394132841
55075,"Marinette County, Wisconsin",41720.0,55694.0,17.699029750048194,10.137368691691766,4.2655675836726585
55077,"Marquette County, Wisconsin",15515.0,55386.0,13.747841105354059,10.542756735650137,3.9884472562233526
55078,"Menominee County, Wisconsin",4318.0,54940.0,18.353909465020575,26.2004662004662,12.524850894632205
55079,"Milwaukee County, Wisconsin",939123.0,54793.0,32.410965718090864,17.91570017966036,4.938473642800944
55081,"Monroe County, Wisconsin",46091.0,63061.0,20.67966788955397,10.34765460548182,2.5532664201443915
55083,"Oconto County, Wisconsin",38691.0,68426.0,17.051921590669572,8.533773515694596,2.2107552992361006
55085,"Oneida County, Wisconsin",37468.0,62660.0,26.796428073112878,8.040009785001768,2.4435117576036336
55087,"Outagamie County, Wisconsin",189620.0,72695.0,30.697652778747063,6.873865455053223,3.135746948339065
55089,"Ozaukee County, Wisconsin",91029.0,86915.0,50.44001634346419,3.9752908612192543,2.8022288621497213
55091,"Pepin County, Wisconsin",7328.0,63015.0,22.650784647381357,8.926600441501103,2.560646900269542
55093,"Pierce County, Wisconsin",42204.0,78341.0,29.391017222618288,9.234621610683934,3.0893634667219576
55095,"Polk County, Wisconsin",44806.0,67878.0,22.279617501460507,8.622562106882665,4.009342156481121
55097,"Portage County, Wisconsin",70378.0,65550.0,33.4357578683991,10.569396077030687,3.3618597522033467
55099,"Price County, Wisconsin",14003.0,52052.0,16.146616541353385,13.156940920623414,2.4620625580675135
55101,"Racine County, Wisconsin",197379.0,67224.0,26.790578551548528,11.666188401638275,3.936297779143171
55103,"Richland County, Wisconsin",17353.0,56089.0,20.09771986970684,14.256307710404045,2.7858176555716354
55105,"Rock County, Wisconsin",163522.0,65518.0,24.19841518556655,10.30619120105807,4.485497440724834
55107,"Rusk County, Wisconsin",14182.0,51978.0,16.495941244684964,12.297200287150035,5.194218608852755
55109,"St. Croix County, Wisconsin",92495.0,91320.0,36.89154704944178,5.444911782378325,2.170931916948334
55111,"Sauk County, Wisconsin",65428.0,67702.0,24.882896292080726,8.71227426724272,2.4806993642143507
55113,"Sawyer County, Wisconsin",17813.0,53011.0,25.219033232628398,14.45700189317882,6.06679481018741
55115,"Shawano County, Wisconsin",40836.0,59767.0,16.397766587880653,10.150713644076255,3.2444228903976717
55117,"Sheboygan County, Wisconsin",117528.0,65352.0,26.231351034322646,7.448257794079121,3.078423846990341
55119,"Taylor County, Wisconsin",19960.0,56350.0,16.525057603686637,8.235473539728535,3.4382284382284385
55121,"Trempealeau County, Wisconsin",30504.0,64336.0,20.399091655795527,7.33024434147805,2.657828282828283
55123,"Vernon County, Wisconsin",30719.0,57933.0,23.512555247947933,14.930933306959417,2.1528371827773025
55125,"Vilas County, Wisconsin",22813.0,56837.0,28.412537917087967,10.109714387242926,4.904789382573572
55127,"Walworth County, Wisconsin",105945.0,69382.0,30.28313210478006,9.269298534337548,3.6947763506766296
55129,"Washburn County, Wisconsin",16561.0,54550.0,22.988044612051674,12.793398533007336,4.009591048354869
55131,"Washington County, Wisconsin",136300.0,85574.0,33.20280531642685,4.749950159857642,2.839243560144232
55133,"Waukesha County, Wisconsin",405332.0,94310.0,46.85938938966874,4.933293359316444,2.73204997587002
55135,"Waupaca County, Wisconsin",51769.0,65070.0,20.25804735301942,9.273616412213741,2.2474418604651163
55137,"Waushara County, Wisconsin",24527.0,57224.0,16.65592091124006,10.810694635488307,4.035555555555556
55139,"Winnebago County, Wisconsin",171304.0,63938.0,29.282249572767604,10.843042090979107,2.573326851401718
55141,"Wood County, Wisconsin",74107.0,57996.0,20.445336463816414,10.185046090815979,4.29388544268106
56001,"Albany County, Wyoming",37311.0,50733.0,56.262332049234246,23.606379019096973,4.30593054650405
56003,"Big Horn County, Wyoming",11671.0,56059.0,19.825404858299596,10.220511025551279,7.7025738798856045
56005,"Campbell County, Wyoming",46758.0,87547.0,20.51926575161237,11.02605367317646,3.2960000000000003
56007,"Carbon County, Wyoming",14714.0,62654.0,20.1053992244208,15.055140519388118,3.91304347826087
56009,"Converse County, Wyoming",13702.0,73698.0,22.20809493536766,7.877849081655233,4.888446781298849
56011,"Crook County, Wyoming",7185.0,67835.0,24.274353876739564,7.5935074100211715,0.3450258769407705
56013,"Fremont County, Wyoming",39434.0,57887.0,24.71884498480243,13.519329997147821,9.05710491367862
56015,"Goshen County, Wyoming",12642.0,58318.0,23.612512613521695,8.05397606721548,3.6085022244191793
56017,"Hot Springs County, Wyoming",4673.0,60805.0,24.739195230998508,12.884108867427567,1.9581664441477526
56019,"Johnson County, Wyoming",8457.0,58020.0,36.003972852176794,16.511350059737158,2.590034533793784
56021,"Laramie County, Wyoming",99905.0,71550.0,30.191544892873466,9.017892725396225,3.739199335924235
56023,"Lincoln County, Wyoming",19457.0,74835.0,22.9506927780788,6.713908860497594,3.2996972754793137
56025,"Natrona County, Wyoming",79382.0,64100.0,24.933471318746303,9.877703398558188,3.9485181249262014
56027,"Niobrara County, Wyoming",2486.0,48688.0,20.99533437013997,20.23172905525847,4.934823091247672
56029,"Park County, Wyoming",29664.0,62586.0,33.01370503765377,8.60034305317324,3.2183281058229922
56031,"Platte County, Wyoming",8607.0,59402.0,22.36024844720497,10.92436974789916,0.3711952487008166
56033,"Sheridan County, Wyoming",30812.0,62531.0,31.240781710914455,8.8526228143214,2.5236997181655134
56035,"Sublette County, Wyoming",8830.0,82342.0,26.602196361252258,8.302058455589673,5.195362816659511
56037,"Sweetwater County, Wyoming",42459.0,76668.0,19.391716997411564,10.481390524784818,6.713717782641712
56039,"Teton County, Wyoming",23319.0,94498.0,57.86850897559318,7.117039586919105,2.402088772845953
56041,"Uinta County, Wyoming",20514.0,75106.0,17.955112219451372,7.958750678442788,3.4630311473778486
56043,"Washakie County, Wyoming",7768.0,62271.0,26.16632860040568,6.571842486500724,2.5074478649453824
56045,"Weston County, Wyoming",6891.0,65566.0,18.397383483237938,14.085591133004927,3.974763406940063
72001,"Adjuntas Municipio, Puerto Rico",18068.0,15375.0,14.403134121984944,67.07371225577265,24.643726103580118
72003,"Aguada Municipio, Puerto Rico",38307.0,18733.0,21.939636977627693,45.06331100879029,7.5707490123357255
72005,"Aguadilla Municipio, Puerto Rico",55241.0,16940.0,24.559212826532143,49.65533677996553,17.236523404495017
72007,"Aguas Buenas Municipio, Puerto Rico",24567.0,21844.0,19.07332433648223,42.745531149016244,5.6957928802589
72009,"Aibonito Municipio, Puerto Rico",24565.0,21139.0,22.669316111939064,43.72072182166279,7.527539779681762
72011,"Añasco Municipio, Puerto Rico",25859.0,21189.0,18.640695360770764,44.729997282503206,9.142429426860565
72013,"Arecibo Municipio, Puerto Rico",88017.0,19311.0,24.987181678345582,47.039967028060495,18.761461881058423
72015,"Arroyo Municipio, Puerto Rico",16183.0,14933.0,20.636030054167396,60.83998268076947,11.224489795918368
72017,"Barceloneta Municipio, Puerto Rico",22836.0,19051.0,24.794445459528593,44.94962768287341,15.8816120906801
72019,"Barranquitas Municipio, Puerto Rico",28982.0,20290.0,21.906438631790746,51.84245289577974,15.971796443899446
72021,"Bayamón Municipio, Puerto Rico",185939.0,27812.0,29.95546064227363,33.71190172673543,10.805963010204081
72023,"Cabo Rojo Municipio, Puerto Rico",47403.0,18581.0,26.117747440273035,47.5456028473973,15.246503910879355
72025,"Caguas Municipio, Puerto Rico",128182.0,27062.0,33.34475484789755,37.527647492509686,11.245577053376495
72027,"Camuy Municipio, Puerto Rico",32885.0,19745.0,21.396854380213306,44.36359189164399,6.966988874703629
72029,"Canóvanas Municipio, Puerto Rico",42811.0,23517.0,26.419106821527894,38.39139200150031,20.83693304535637
72031,"Carolina Municipio, Puerto Rico",155886.0,30678.0,33.64251714048648,29.797992827842418,13.962291203670512
72033,"Cataño Municipio, Puerto Rico",23536.0,20089.0,20.693538826318907,46.082518077413866,13.942688866236267
72035,"Cayey Municipio, Puerto Rico",42134.0,23823.0,26.44370989694731,40.14773644957484,7.483507421660253
72037,"Ceiba Municipio, Puerto Rico",11463.0,20748.0,21.071343920360274,41.28585211823525,9.849221789883268
72039,"Ciales Municipio, Puerto Rico",17045.0,18990.0,15.436728768449068,55.24570751924216,23.70245849968481
72041,"Cidra Municipio, Puerto Rico",40125.0,23327.0,24.30324459234609,39.93302009397181,7.442693409742121
72043,"Coamo Municipio, Puerto Rico",35268.0,19267.0,22.973129711965978,49.57780115429449,7.294057638357562
72045,"Comerío Municipio, Puerto Rico",18990.0,14666.0,15.024232633279484,53.7809373354397,14.852522832759396
72047,"Corozal Municipio, Puerto Rico",34631.0,19285.0,21.410538317452563,47.79702394791909,19.488764514242753
72049,"Culebra Municipio, Puerto Rico",1293.0,25104.0,17.5531914893617,23.02325581395349,2.511773940345369
72051,"Dorado Municipio, Puerto Rico",36030.0,29744.0,31.27523619114822,30.857095214273805,16.014453231524406
72053,"Fajardo Municipio, Puerto Rico",32336.0,21701.0,28.92749892749893,42.70813931830881,25.615361803084223
72054,"Florida Municipio, Puerto Rico",11725.0,21487.0,18.876735897751015,49.11621552386645,19.737427681352916
72055,"Guánica Municipio, Puerto Rico",14297.0,12856.0,15.080668534441116,66.80586028735226,34.080615942028984
72057,"Guayama Municipio, Puerto Rico",37388.0,17815.0,21.093308199811496,50.59595438656811,7.511302918207974
72059,"Guayanilla Municipio, Puerto Rico",18047.0,19023.0,24.256772490879452,53.246102449888646,23.882185947480483
72061,"Guaynabo Municipio, Puerto Rico",90014.0,39176.0,46.19723249119628,25.05659704022572,8.95158215783454
72063,"Gurabo Municipio, Puerto Rico",41237.0,35470.0,32.48722374521948,30.529496332756644,14.895342354670316
72065,"Hatillo Municipio, Puerto Rico",38739.0,20955.0,28.965180378201104,42.579528128795516,6.828982964100315
72067,"Hormigueros Municipio, Puerto Rico",15726.0,20811.0,25.800250731299624,42.83981357338952,19.513374154044474
72069,"Humacao Municipio, Puerto Rico",51398.0,22431.0,22.6703386913116,39.200813262433535,9.152019734813445
72071,"Isabela Municipio, Puerto Rico",42985.0,17123.0,24.630355111841272,50.51548807348048,8.778832060479827
72073,"Jayuya Municipio, Puerto Rico",14877.0,16780.0,20.882721403103016,56.92722371967655,18.779123951537745
72075,"Juana Díaz Municipio, Puerto Rico",46704.0,21420.0,27.19576075039591,45.07813514566469,20.570981619084865
72077,"Juncos Municipio, Puerto Rico",37290.0,22283.0,21.401089482305437,39.961312162488916,16.373414779895093
72079,"Lajas Municipio, Puerto Rico",23407.0,15593.0,16.491868960641057,59.770606864675166,21.53369481022463
72081,"Lares Municipio, Puerto Rico",28092.0,17629.0,21.001161890007747,56.09239169480566,11.82929590219606
72083,"Las Marías Municipio, Puerto Rico",8896.0,15353.0,18.070147082592534,49.40935938209904,6.838294448913917
72085,"Las Piedras Municipio, Puerto Rico",35495.0,24466.0,25.091632223348668,37.18921969803866,12.482819953108578
72087,"Loíza Municipio, Puerto Rico",24216.0,19541.0,17.008457884370294,47.17394902350215,25.327910523640064
72089,"Luquillo Municipio, Puerto Rico",17917.0,22216.0,21.93090684762492,43.95168055477882,24.599808455329047
72091,"Manatí Municipio, Puerto Rico",39693.0,19427.0,23.565502335634108,46.66784738386803,19.17273864723633
72093,"Maricao Municipio, Puerto Rico",5389.0,19223.0,10.932798395185557,52.42159955464836,2.5691699604743086
72095,"Maunabo Municipio, Puerto Rico",10700.0,21678.0,15.329476861167002,46.096306685367,27.18204488778055
72097,"Mayagüez Municipio, Puerto Rico",74146.0,15501.0,28.16470775095299,53.55737704918033,25.0
72099,"Moca Municipio, Puerto Rico",37532.0,17685.0,22.66651690441424,49.92651185163411,24.585456894695284
72101,"Morovis Municipio, Puerto Rico",29069.0,21598.0,17.515116052272283,46.819952428556654,15.98809295179566
72103,"Naguabo Municipio, Puerto Rico",23722.0,18412.0,22.07179983077481,50.40257648953301,15.040871934604905
72105,"Naranjito Municipio, Puerto Rico",29200.0,19156.0,17.939313104368125,45.408040649569124,16.853690116529997
72107,"Orocovis Municipio, Puerto Rico",21510.0,15637.0,17.83947767592165,55.8369219247332,24.26447816661505
72109,"Patillas Municipio, Puerto Rico",16231.0,17783.0,19.615001659475606,49.85521532869201,15.194778706914134
72111,"Peñuelas Municipio, Puerto Rico",20625.0,18123.0,24.88773505472916,53.76584276210363,14.782608695652174
72113,"Ponce Municipio, Puerto Rico",139245.0,17747.0,29.203620000604,50.61998487662704,12.779890156316013
72115,"Quebradillas Municipio, Puerto Rico",23743.0,18947.0,21.476510067114095,45.42577432694742,5.275811406437826
72117,"Rincón Municipio, Puerto Rico",15097.0,24744.0,22.875421457594882,40.87528224199761,8.183103570166136
72119,"Río Grande Municipio, Puerto Rico",47630.0,23679.0,24.7049000978868,37.62719065321296,21.235576238187946
72121,"Sabana Grande Municipio, Puerto Rico",22860.0,18857.0,21.8277364778262,44.76554939737837,18.417535418337344
72123,"Salinas Municipio, Puerto Rico",26208.0,18563.0,19.46475973779728,50.50191570881226,4.869897350202913
72125,"San Germán Municipio, Puerto Rico",32031.0,16492.0,21.942025217730404,49.952320406865866,7.338514460440821
72127,"San Juan Municipio, Puerto Rico",344791.0,24347.0,39.97225408010846,39.71460373736006,16.54377850035002
72129,"San Lorenzo Municipio, Puerto Rico",37822.0,19339.0,18.579945799457995,45.47140812973661,8.75877472878111
72131,"San Sebastián Municipio, Puerto Rico",39351.0,16812.0,20.752565564424174,50.64766178795451,13.128647957143999
72133,"Santa Isabel Municipio, Puerto Rico",20530.0,20784.0,26.752483559535467,46.30784218217243,8.335326476919397
72135,"Toa Alta Municipio, Puerto Rico",67602.0,28098.0,26.928301255929615,32.38600967100774,10.081124554164626
72137,"Toa Baja Municipio, Puerto Rico",76248.0,26587.0,27.642379776260352,35.63998787127734,13.332329468453546
72139,"Trujillo Alto Municipio, Puerto Rico",68001.0,33948.0,36.946431828776426,28.24718503413423,5.52366330685535
72141,"Utuado Municipio, Puerto Rico",28585.0,15812.0,21.07934683714026,54.60187230461765,31.870816955274623
72143,"Vega Alta Municipio, Puerto Rico",35728.0,21828.0,22.01892994336858,44.96209549671871,21.19128609683723
72145,"Vega Baja Municipio, Puerto Rico",54544.0,21507.0,22.678643520387563,43.36123299288374,17.57875605815832
72147,"Vieques Municipio, Puerto Rico",8317.0,14942.0,14.154103852596315,53.20428038956354,15.201698513800425
72149,"Villalba Municipio, Puerto Rico",22341.0,20722.0,21.471365071184696,44.49497906065655,18.630694833290914
72151,"Yabucoa Municipio, Puerto Rico",31047.0,17267.0,17.412957249889818,52.622253720765414,15.216732343134284
72153,"Yauco Municipio, Puerto Rico",34704.0,16444.0,25.918709325435486,46.4392163671615,17.36553046813704
